"script","status","error","start_time","end_time","elapsed_seconds"
"/Users/crossmodal/Library/CloudStorage/OneDrive-AllenInstitute/Species/Evo-M1-Trait-Data/__imputing_cellcounts/cellcounts_imputations_diagnostic.R","FAILED","|-------------------------------------|
| misty 0.8.2 (2026-05-16)            |
| Miscellaneous Functions T. Yanagida |
|-------------------------------------|

Attaching package: ‘mice’

The following object is masked from ‘package:stats’:

    filter

The following objects are masked from ‘package:base’:

    cbind, rbind

── Attaching core tidyverse packages ──────────────────────── tidyverse 2.0.0 ──
✔ dplyr     1.2.1     ✔ readr     2.2.0
✔ forcats   1.0.1     ✔ stringr   1.6.0
✔ ggplot2   4.0.3     ✔ tibble    3.3.1
✔ lubridate 1.9.5     ✔ tidyr     1.3.2
✔ purrr     1.2.2     
── Conflicts ────────────────────────────────────────── tidyverse_conflicts() ──
✖ ggplot2::%+%()   masks psych::%+%()
✖ ggplot2::alpha() masks psych::alpha()
✖ dplyr::filter()  masks mice::filter(), stats::filter()
✖ dplyr::lag()     masks stats::lag()
ℹ Use the conflicted package (<http://conflicted.r-lib.org/>) to force all conflicts to become errors
Warning message:
In cor(x = list(Body_Mass.g = c(79, 25000, 925, NA, 907.82, 16.2,  :
  the standard deviation is zero
Warning message:
na.test(s) failed, likely because of degenerate/zero-variance covariance patterns: non-finite value supplied by 'nlm' 

 iter imp variable
  1   1  Body_Mass.g  Cerebellum_Mass.g  Cerebellum_N.n  Cerebellum_O.n  CerebralCortex_Mass.g  CerebralCortex_N.n  CerebralCortex_O.n  RoB_Mass.g  RoB_N.n  RoB_O.n  WholeBrain_C.n  WholeBrain_N.n  WholeBrain_O.n  CerebralCortex_I.p.C  OlfactoryBulb_Mass.g  OlfactoryBulb_N.n  OlfactoryBulb_O.n
  1   2  Body_Mass.g  Cerebellum_Mass.g  Cerebellum_N.n  Cerebellum_O.n  CerebralCortex_Mass.g  CerebralCortex_N.n  CerebralCortex_O.n  RoB_Mass.g  RoB_N.n  RoB_O.n  WholeBrain_C.n  WholeBrain_N.n  WholeBrain_O.n  CerebralCortex_I.p.C  OlfactoryBulb_Mass.g  OlfactoryBulb_N.n  OlfactoryBulb_O.n
  1   3  Body_Mass.g  Cerebellum_Mass.g  Cerebellum_N.n  Cerebellum_O.n  CerebralCortex_Mass.g  CerebralCortex_N.n  CerebralCortex_O.n  RoB_Mass.g  RoB_N.n  RoB_O.n  WholeBrain_C.n  WholeBrain_N.n  WholeBrain_O.n  CerebralCortex_I.p.C  OlfactoryBulb_Mass.g  OlfactoryBulb_N.n  OlfactoryBulb_O.n
  1   4  Body_Mass.g  Cerebellum_Mass.g  Cerebellum_N.n  Cerebellum_O.n  CerebralCortex_Mass.g  CerebralCortex_N.n  CerebralCortex_O.n  RoB_Mass.g  RoB_N.n  RoB_O.n  WholeBrain_C.n  WholeBrain_N.n  WholeBrain_O.n  CerebralCortex_I.p.C  OlfactoryBulb_Mass.g  OlfactoryBulb_N.n  OlfactoryBulb_O.n
  1   5  Body_Mass.g  Cerebellum_Mass.g  Cerebellum_N.n  Cerebellum_O.n  CerebralCortex_Mass.g  CerebralCortex_N.n  CerebralCortex_O.n  RoB_Mass.g  RoB_N.n  RoB_O.n  WholeBrain_C.n  WholeBrain_N.n  WholeBrain_O.n  CerebralCortex_I.p.C  OlfactoryBulb_Mass.g  OlfactoryBulb_N.n  OlfactoryBulb_O.n
  1   6  Body_Mass.g  Cerebellum_Mass.g  Cerebellum_N.n  Cerebellum_O.n  CerebralCortex_Mass.g  CerebralCortex_N.n  CerebralCortex_O.n  RoB_Mass.g  RoB_N.n  RoB_O.n  WholeBrain_C.n  WholeBrain_N.n  WholeBrain_O.n  CerebralCortex_I.p.C  OlfactoryBulb_Mass.g  OlfactoryBulb_N.n  OlfactoryBulb_O.n
  1   7  Body_Mass.g  Cerebellum_Mass.g  Cerebellum_N.n  Cerebellum_O.n  CerebralCortex_Mass.g  CerebralCortex_N.n  CerebralCortex_O.n  RoB_Mass.g  RoB_N.n  RoB_O.n  WholeBrain_C.n  WholeBrain_N.n  WholeBrain_O.n  CerebralCortex_I.p.C  OlfactoryBulb_Mass.g  OlfactoryBulb_N.n  OlfactoryBulb_O.n
  1   8  Body_Mass.g  Cerebellum_Mass.g  Cerebellum_N.n  Cerebellum_O.n  CerebralCortex_Mass.g  CerebralCortex_N.n  CerebralCortex_O.n  RoB_Mass.g  RoB_N.n  RoB_O.n  WholeBrain_C.n  WholeBrain_N.n  WholeBrain_O.n  CerebralCortex_I.p.C  OlfactoryBulb_Mass.g  OlfactoryBulb_N.n  OlfactoryBulb_O.n
  1   9  Body_Mass.g  Cerebellum_Mass.g  Cerebellum_N.n  Cerebellum_O.n  CerebralCortex_Mass.g  CerebralCortex_N.n  CerebralCortex_O.n  RoB_Mass.g  RoB_N.n  RoB_O.n  WholeBrain_C.n  WholeBrain_N.n  WholeBrain_O.n  CerebralCortex_I.p.C  OlfactoryBulb_Mass.g  OlfactoryBulb_N.n  OlfactoryBulb_O.n
  1   10  Body_Mass.g  Cerebellum_Mass.g  Cerebellum_N.n  Cerebellum_O.n  CerebralCortex_Mass.g  CerebralCortex_N.n  CerebralCortex_O.n  RoB_Mass.g  RoB_N.n  RoB_O.n  WholeBrain_C.n  WholeBrain_N.n  WholeBrain_O.n  CerebralCortex_I.p.C  OlfactoryBulb_Mass.g  OlfactoryBulb_N.n  OlfactoryBulb_O.n
  1   11  Body_Mass.g  Cerebellum_Mass.g  Cerebellum_N.n  Cerebellum_O.n  CerebralCortex_Mass.g  CerebralCortex_N.n  CerebralCortex_O.n  RoB_Mass.g  RoB_N.n  RoB_O.n  WholeBrain_C.n  WholeBrain_N.n  WholeBrain_O.n  CerebralCortex_I.p.C  OlfactoryBulb_Mass.g  OlfactoryBulb_N.n  OlfactoryBulb_O.n
  1   12  Body_Mass.g  Cerebellum_Mass.g  Cerebellum_N.n  Cerebellum_O.n  CerebralCortex_Mass.g  CerebralCortex_N.n  CerebralCortex_O.n  RoB_Mass.g  RoB_N.n  RoB_O.n  WholeBrain_C.n  WholeBrain_N.n  WholeBrain_O.n  CerebralCortex_I.p.C  OlfactoryBulb_Mass.g  OlfactoryBulb_N.n  OlfactoryBulb_O.n
  1   13  Body_Mass.g  Cerebellum_Mass.g  Cerebellum_N.n  Cerebellum_O.n  CerebralCortex_Mass.g  CerebralCortex_N.n  CerebralCortex_O.n  RoB_Mass.g  RoB_N.n  RoB_O.n  WholeBrain_C.n  WholeBrain_N.n  WholeBrain_O.n  CerebralCortex_I.p.C  OlfactoryBulb_Mass.g  OlfactoryBulb_N.n  OlfactoryBulb_O.n
  1   14  Body_Mass.g  Cerebellum_Mass.g  Cerebellum_N.n  Cerebellum_O.n  CerebralCortex_Mass.g  CerebralCortex_N.n  CerebralCortex_O.n  RoB_Mass.g  RoB_N.n  RoB_O.n  WholeBrain_C.n  WholeBrain_N.n  WholeBrain_O.n  CerebralCortex_I.p.C  OlfactoryBulb_Mass.g  OlfactoryBulb_N.n  OlfactoryBulb_O.n
  1   15  Body_Mass.g  Cerebellum_Mass.g  Cerebellum_N.n  Cerebellum_O.n  CerebralCortex_Mass.g  CerebralCortex_N.n  CerebralCortex_O.n  RoB_Mass.g  RoB_N.n  RoB_O.n  WholeBrain_C.n  WholeBrain_N.n  WholeBrain_O.n  CerebralCortex_I.p.C  OlfactoryBulb_Mass.g  OlfactoryBulb_N.n  OlfactoryBulb_O.n
  1   16  Body_Mass.g  Cerebellum_Mass.g  Cerebellum_N.n  Cerebellum_O.n  CerebralCortex_Mass.g  CerebralCortex_N.n  CerebralCortex_O.n  RoB_Mass.g  RoB_N.n  RoB_O.n  WholeBrain_C.n  WholeBrain_N.n  WholeBrain_O.n  CerebralCortex_I.p.C  OlfactoryBulb_Mass.g  OlfactoryBulb_N.n  OlfactoryBulb_O.n
  1   17  Body_Mass.g  Cerebellum_Mass.g  Cerebellum_N.n  Cerebellum_O.n  CerebralCortex_Mass.g  CerebralCortex_N.n  CerebralCortex_O.n  RoB_Mass.g  RoB_N.n  RoB_O.n  WholeBrain_C.n  WholeBrain_N.n  WholeBrain_O.n  CerebralCortex_I.p.C  OlfactoryBulb_Mass.g  OlfactoryBulb_N.n  OlfactoryBulb_O.n
  1   18  Body_Mass.g  Cerebellum_Mass.g  Cerebellum_N.n  Cerebellum_O.n  CerebralCortex_Mass.g  CerebralCortex_N.n  CerebralCortex_O.n  RoB_Mass.g  RoB_N.n  RoB_O.n  WholeBrain_C.n  WholeBrain_N.n  WholeBrain_O.n  CerebralCortex_I.p.C  OlfactoryBulb_Mass.g  OlfactoryBulb_N.n  OlfactoryBulb_O.n
  1   19  Body_Mass.g  Cerebellum_Mass.g  Cerebellum_N.n  Cerebellum_O.n  CerebralCortex_Mass.g  CerebralCortex_N.n  CerebralCortex_O.n  RoB_Mass.g  RoB_N.n  RoB_O.n  WholeBrain_C.n  WholeBrain_N.n  WholeBrain_O.n  CerebralCortex_I.p.C  OlfactoryBulb_Mass.g  OlfactoryBulb_N.n  OlfactoryBulb_O.n
  1   20  Body_Mass.g  Cerebellum_Mass.g  Cerebellum_N.n  Cerebellum_O.n  CerebralCortex_Mass.g  CerebralCortex_N.n  CerebralCortex_O.n  RoB_Mass.g  RoB_N.n  RoB_O.n  WholeBrain_C.n  WholeBrain_N.n  WholeBrain_O.n  CerebralCortex_I.p.C  OlfactoryBulb_Mass.g  OlfactoryBulb_N.n  OlfactoryBulb_O.n
  1   21  Body_Mass.g  Cerebellum_Mass.g  Cerebellum_N.n  Cerebellum_O.n  CerebralCortex_Mass.g  CerebralCortex_N.n  CerebralCortex_O.n  RoB_Mass.g  RoB_N.n  RoB_O.n  WholeBrain_C.n  WholeBrain_N.n  WholeBrain_O.n  CerebralCortex_I.p.C  OlfactoryBulb_Mass.g  OlfactoryBulb_N.n  OlfactoryBulb_O.n
  1   22  Body_Mass.g  Cerebellum_Mass.g  Cerebellum_N.n  Cerebellum_O.n  CerebralCortex_Mass.g  CerebralCortex_N.n  CerebralCortex_O.n  RoB_Mass.g  RoB_N.n  RoB_O.n  WholeBrain_C.n  WholeBrain_N.n  WholeBrain_O.n  CerebralCortex_I.p.C  OlfactoryBulb_Mass.g  OlfactoryBulb_N.n  OlfactoryBulb_O.n
  1   23  Body_Mass.g  Cerebellum_Mass.g  Cerebellum_N.n  Cerebellum_O.n  CerebralCortex_Mass.g  CerebralCortex_N.n  CerebralCortex_O.n  RoB_Mass.g  RoB_N.n  RoB_O.n  WholeBrain_C.n  WholeBrain_N.n  WholeBrain_O.n  CerebralCortex_I.p.C  OlfactoryBulb_Mass.g  OlfactoryBulb_N.n  OlfactoryBulb_O.n
  1   24  Body_Mass.g  Cerebellum_Mass.g  Cerebellum_N.n  Cerebellum_O.n  CerebralCortex_Mass.g  CerebralCortex_N.n  CerebralCortex_O.n  RoB_Mass.g  RoB_N.n  RoB_O.n  WholeBrain_C.n  WholeBrain_N.n  WholeBrain_O.n  CerebralCortex_I.p.C  OlfactoryBulb_Mass.g  OlfactoryBulb_N.n  OlfactoryBulb_O.n
  1   25  Body_Mass.g  Cerebellum_Mass.g  Cerebellum_N.n  Cerebellum_O.n  CerebralCortex_Mass.g  CerebralCortex_N.n  CerebralCortex_O.n  RoB_Mass.g  RoB_N.n  RoB_O.n  WholeBrain_C.n  WholeBrain_N.n  WholeBrain_O.n  CerebralCortex_I.p.C  OlfactoryBulb_Mass.g  OlfactoryBulb_N.n  OlfactoryBulb_O.n
  1   26  Body_Mass.g  Cerebellum_Mass.g  Cerebellum_N.n  Cerebellum_O.n  CerebralCortex_Mass.g  CerebralCortex_N.n  CerebralCortex_O.n  RoB_Mass.g  RoB_N.n  RoB_O.n  WholeBrain_C.n  WholeBrain_N.n  WholeBrain_O.n  CerebralCortex_I.p.C  OlfactoryBulb_Mass.g  OlfactoryBulb_N.n  OlfactoryBulb_O.n
  1   27  Body_Mass.g  Cerebellum_Mass.g  Cerebellum_N.n  Cerebellum_O.n  CerebralCortex_Mass.g  CerebralCortex_N.n  CerebralCortex_O.n  RoB_Mass.g  RoB_N.n  RoB_O.n  WholeBrain_C.n  WholeBrain_N.n  WholeBrain_O.n  CerebralCortex_I.p.C  OlfactoryBulb_Mass.g  OlfactoryBulb_N.n  OlfactoryBulb_O.n
  1   28  Body_Mass.g  Cerebellum_Mass.g  Cerebellum_N.n  Cerebellum_O.n  CerebralCortex_Mass.g  CerebralCortex_N.n  CerebralCortex_O.n  RoB_Mass.g  RoB_N.n  RoB_O.n  WholeBrain_C.n  WholeBrain_N.n  WholeBrain_O.n  CerebralCortex_I.p.C  OlfactoryBulb_Mass.g  OlfactoryBulb_N.n  OlfactoryBulb_O.n
  1   29  Body_Mass.g  Cerebellum_Mass.g  Cerebellum_N.n  Cerebellum_O.n  CerebralCortex_Mass.g  CerebralCortex_N.n  CerebralCortex_O.n  RoB_Mass.g  RoB_N.n  RoB_O.n  WholeBrain_C.n  WholeBrain_N.n  WholeBrain_O.n  CerebralCortex_I.p.C  OlfactoryBulb_Mass.g  OlfactoryBulb_N.n  OlfactoryBulb_O.n
  1   30  Body_Mass.g  Cerebellum_Mass.g  Cerebellum_N.n  Cerebellum_O.n  CerebralCortex_Mass.g  CerebralCortex_N.n  CerebralCortex_O.n  RoB_Mass.g  RoB_N.n  RoB_O.n  WholeBrain_C.n  WholeBrain_N.n  WholeBrain_O.n  CerebralCortex_I.p.C  OlfactoryBulb_Mass.g  OlfactoryBulb_N.n  OlfactoryBulb_O.n
  2   1  Body_Mass.g  Cerebellum_Mass.g  Cerebellum_N.n  Cerebellum_O.n  CerebralCortex_Mass.g  CerebralCortex_N.n  CerebralCortex_O.n  RoB_Mass.g  RoB_N.n  RoB_O.n  WholeBrain_C.n  WholeBrain_N.n  WholeBrain_O.n  CerebralCortex_I.p.C  OlfactoryBulb_Mass.g  OlfactoryBulb_N.n  OlfactoryBulb_O.n
  2   2  Body_Mass.g  Cerebellum_Mass.g  Cerebellum_N.n  Cerebellum_O.n  CerebralCortex_Mass.g  CerebralCortex_N.n  CerebralCortex_O.n  RoB_Mass.g  RoB_N.n  RoB_O.n  WholeBrain_C.n  WholeBrain_N.n  WholeBrain_O.n  CerebralCortex_I.p.C  OlfactoryBulb_Mass.g  OlfactoryBulb_N.n  OlfactoryBulb_O.n
  2   3  Body_Mass.g  Cerebellum_Mass.g  Cerebellum_N.n  Cerebellum_O.n  CerebralCortex_Mass.g  CerebralCortex_N.n  CerebralCortex_O.n  RoB_Mass.g  RoB_N.n  RoB_O.n  WholeBrain_C.n  WholeBrain_N.n  WholeBrain_O.n  CerebralCortex_I.p.C  OlfactoryBulb_Mass.g  OlfactoryBulb_N.n  OlfactoryBulb_O.n
  2   4  Body_Mass.g  Cerebellum_Mass.g  Cerebellum_N.n  Cerebellum_O.n  CerebralCortex_Mass.g  CerebralCortex_N.n  CerebralCortex_O.n  RoB_Mass.g  RoB_N.n  RoB_O.n  WholeBrain_C.n  WholeBrain_N.n  WholeBrain_O.n  CerebralCortex_I.p.C  OlfactoryBulb_Mass.g  OlfactoryBulb_N.n  OlfactoryBulb_O.n
  2   5  Body_Mass.g  Cerebellum_Mass.g  Cerebellum_N.n  Cerebellum_O.n  CerebralCortex_Mass.g  CerebralCortex_N.n  CerebralCortex_O.n  RoB_Mass.g  RoB_N.n  RoB_O.n  WholeBrain_C.n  WholeBrain_N.n  WholeBrain_O.n  CerebralCortex_I.p.C  OlfactoryBulb_Mass.g  OlfactoryBulb_N.n  OlfactoryBulb_O.n
  2   6  Body_Mass.g  Cerebellum_Mass.g  Cerebellum_N.n  Cerebellum_O.n  CerebralCortex_Mass.g  CerebralCortex_N.n  CerebralCortex_O.n  RoB_Mass.g  RoB_N.n  RoB_O.n  WholeBrain_C.n  WholeBrain_N.n  WholeBrain_O.n  CerebralCortex_I.p.C  OlfactoryBulb_Mass.g  OlfactoryBulb_N.n  OlfactoryBulb_O.n
  2   7  Body_Mass.g  Cerebellum_Mass.g  Cerebellum_N.n  Cerebellum_O.n  CerebralCortex_Mass.g  CerebralCortex_N.n  CerebralCortex_O.n  RoB_Mass.g  RoB_N.n  RoB_O.n  WholeBrain_C.n  WholeBrain_N.n  WholeBrain_O.n  CerebralCortex_I.p.C  OlfactoryBulb_Mass.g  OlfactoryBulb_N.n  OlfactoryBulb_O.n
  2   8  Body_Mass.g  Cerebellum_Mass.g  Cerebellum_N.n  Cerebellum_O.n  CerebralCortex_Mass.g  CerebralCortex_N.n  CerebralCortex_O.n  RoB_Mass.g  RoB_N.n  RoB_O.n  WholeBrain_C.n  WholeBrain_N.n  WholeBrain_O.n  CerebralCortex_I.p.C  OlfactoryBulb_Mass.g  OlfactoryBulb_N.n  OlfactoryBulb_O.n
  2   9  Body_Mass.g  Cerebellum_Mass.g  Cerebellum_N.n  Cerebellum_O.n  CerebralCortex_Mass.g  CerebralCortex_N.n  CerebralCortex_O.n  RoB_Mass.g  RoB_N.n  RoB_O.n  WholeBrain_C.n  WholeBrain_N.n  WholeBrain_O.n  CerebralCortex_I.p.C  OlfactoryBulb_Mass.g  OlfactoryBulb_N.n  OlfactoryBulb_O.n
  2   10  Body_Mass.g  Cerebellum_Mass.g  Cerebellum_N.n  Cerebellum_O.n  CerebralCortex_Mass.g  CerebralCortex_N.n  CerebralCortex_O.n  RoB_Mass.g  RoB_N.n  RoB_O.n  WholeBrain_C.n  WholeBrain_N.n  WholeBrain_O.n  CerebralCortex_I.p.C  OlfactoryBulb_Mass.g  OlfactoryBulb_N.n  OlfactoryBulb_O.n
  2   11  Body_Mass.g  Cerebellum_Mass.g  Cerebellum_N.n  Cerebellum_O.n  CerebralCortex_Mass.g  CerebralCortex_N.n  CerebralCortex_O.n  RoB_Mass.g  RoB_N.n  RoB_O.n  WholeBrain_C.n  WholeBrain_N.n  WholeBrain_O.n  CerebralCortex_I.p.C  OlfactoryBulb_Mass.g  OlfactoryBulb_N.n  OlfactoryBulb_O.n
  2   12  Body_Mass.g  Cerebellum_Mass.g  Cerebellum_N.n  Cerebellum_O.n  CerebralCortex_Mass.g  CerebralCortex_N.n  CerebralCortex_O.n  RoB_Mass.g  RoB_N.n  RoB_O.n  WholeBrain_C.n  WholeBrain_N.n  WholeBrain_O.n  CerebralCortex_I.p.C  OlfactoryBulb_Mass.g  OlfactoryBulb_N.n  OlfactoryBulb_O.n
  2   13  Body_Mass.g  Cerebellum_Mass.g  Cerebellum_N.n  Cerebellum_O.n  CerebralCortex_Mass.g  CerebralCortex_N.n  CerebralCortex_O.n  RoB_Mass.g  RoB_N.n  RoB_O.n  WholeBrain_C.n  WholeBrain_N.n  WholeBrain_O.n  CerebralCortex_I.p.C  OlfactoryBulb_Mass.g  OlfactoryBulb_N.n  OlfactoryBulb_O.n
  2   14  Body_Mass.g  Cerebellum_Mass.g  Cerebellum_N.n  Cerebellum_O.n  CerebralCortex_Mass.g  CerebralCortex_N.n  CerebralCortex_O.n  RoB_Mass.g  RoB_N.n  RoB_O.n  WholeBrain_C.n  WholeBrain_N.n  WholeBrain_O.n  CerebralCortex_I.p.C  OlfactoryBulb_Mass.g  OlfactoryBulb_N.n  OlfactoryBulb_O.n
  2   15  Body_Mass.g  Cerebellum_Mass.g  Cerebellum_N.n  Cerebellum_O.n  CerebralCortex_Mass.g  CerebralCortex_N.n  CerebralCortex_O.n  RoB_Mass.g  RoB_N.n  RoB_O.n  WholeBrain_C.n  WholeBrain_N.n  WholeBrain_O.n  CerebralCortex_I.p.C  OlfactoryBulb_Mass.g  OlfactoryBulb_N.n  OlfactoryBulb_O.n
  2   16  Body_Mass.g  Cerebellum_Mass.g  Cerebellum_N.n  Cerebellum_O.n  CerebralCortex_Mass.g  CerebralCortex_N.n  CerebralCortex_O.n  RoB_Mass.g  RoB_N.n  RoB_O.n  WholeBrain_C.n  WholeBrain_N.n  WholeBrain_O.n  CerebralCortex_I.p.C  OlfactoryBulb_Mass.g  OlfactoryBulb_N.n  OlfactoryBulb_O.n
  2   17  Body_Mass.g  Cerebellum_Mass.g  Cerebellum_N.n  Cerebellum_O.n  CerebralCortex_Mass.g  CerebralCortex_N.n  CerebralCortex_O.n  RoB_Mass.g  RoB_N.n  RoB_O.n  WholeBrain_C.n  WholeBrain_N.n  WholeBrain_O.n  CerebralCortex_I.p.C  OlfactoryBulb_Mass.g  OlfactoryBulb_N.n  OlfactoryBulb_O.n
  2   18  Body_Mass.g  Cerebellum_Mass.g  Cerebellum_N.n  Cerebellum_O.n  CerebralCortex_Mass.g  CerebralCortex_N.n  CerebralCortex_O.n  RoB_Mass.g  RoB_N.n  RoB_O.n  WholeBrain_C.n  WholeBrain_N.n  WholeBrain_O.n  CerebralCortex_I.p.C  OlfactoryBulb_Mass.g  OlfactoryBulb_N.n  OlfactoryBulb_O.n
  2   19  Body_Mass.g  Cerebellum_Mass.g  Cerebellum_N.n  Cerebellum_O.n  CerebralCortex_Mass.g  CerebralCortex_N.n  CerebralCortex_O.n  RoB_Mass.g  RoB_N.n  RoB_O.n  WholeBrain_C.n  WholeBrain_N.n  WholeBrain_O.n  CerebralCortex_I.p.C  OlfactoryBulb_Mass.g  OlfactoryBulb_N.n  OlfactoryBulb_O.n
  2   20  Body_Mass.g  Cerebellum_Mass.g  Cerebellum_N.n  Cerebellum_O.n  CerebralCortex_Mass.g  CerebralCortex_N.n  CerebralCortex_O.n  RoB_Mass.g  RoB_N.n  RoB_O.n  WholeBrain_C.n  WholeBrain_N.n  WholeBrain_O.n  CerebralCortex_I.p.C  OlfactoryBulb_Mass.g  OlfactoryBulb_N.n  OlfactoryBulb_O.n
  2   21  Body_Mass.g  Cerebellum_Mass.g  Cerebellum_N.n  Cerebellum_O.n  CerebralCortex_Mass.g  CerebralCortex_N.n  CerebralCortex_O.n  RoB_Mass.g  RoB_N.n  RoB_O.n  WholeBrain_C.n  WholeBrain_N.n  WholeBrain_O.n  CerebralCortex_I.p.C  OlfactoryBulb_Mass.g  OlfactoryBulb_N.n  OlfactoryBulb_O.n
  2   22  Body_Mass.g  Cerebellum_Mass.g  Cerebellum_N.n  Cerebellum_O.n  CerebralCortex_Mass.g  CerebralCortex_N.n  CerebralCortex_O.n  RoB_Mass.g  RoB_N.n  RoB_O.n  WholeBrain_C.n  WholeBrain_N.n  WholeBrain_O.n  CerebralCortex_I.p.C  OlfactoryBulb_Mass.g  OlfactoryBulb_N.n  OlfactoryBulb_O.n
  2   23  Body_Mass.g  Cerebellum_Mass.g  Cerebellum_N.n  Cerebellum_O.n  CerebralCortex_Mass.g  CerebralCortex_N.n  CerebralCortex_O.n  RoB_Mass.g  RoB_N.n  RoB_O.n  WholeBrain_C.n  WholeBrain_N.n  WholeBrain_O.n  CerebralCortex_I.p.C  OlfactoryBulb_Mass.g  OlfactoryBulb_N.n  OlfactoryBulb_O.n
  2   24  Body_Mass.g  Cerebellum_Mass.g  Cerebellum_N.n  Cerebellum_O.n  CerebralCortex_Mass.g  CerebralCortex_N.n  CerebralCortex_O.n  RoB_Mass.g  RoB_N.n  RoB_O.n  WholeBrain_C.n  WholeBrain_N.n  WholeBrain_O.n  CerebralCortex_I.p.C  OlfactoryBulb_Mass.g  OlfactoryBulb_N.n  OlfactoryBulb_O.n
  2   25  Body_Mass.g  Cerebellum_Mass.g  Cerebellum_N.n  Cerebellum_O.n  CerebralCortex_Mass.g  CerebralCortex_N.n  CerebralCortex_O.n  RoB_Mass.g  RoB_N.n  RoB_O.n  WholeBrain_C.n  WholeBrain_N.n  WholeBrain_O.n  CerebralCortex_I.p.C  OlfactoryBulb_Mass.g  OlfactoryBulb_N.n  OlfactoryBulb_O.n
  2   26  Body_Mass.g  Cerebellum_Mass.g  Cerebellum_N.n  Cerebellum_O.n  CerebralCortex_Mass.g  CerebralCortex_N.n  CerebralCortex_O.n  RoB_Mass.g  RoB_N.n  RoB_O.n  WholeBrain_C.n  WholeBrain_N.n  WholeBrain_O.n  CerebralCortex_I.p.C  OlfactoryBulb_Mass.g  OlfactoryBulb_N.n  OlfactoryBulb_O.n
  2   27  Body_Mass.g  Cerebellum_Mass.g  Cerebellum_N.n  Cerebellum_O.n  CerebralCortex_Mass.g  CerebralCortex_N.n  CerebralCortex_O.n  RoB_Mass.g  RoB_N.n  RoB_O.n  WholeBrain_C.n  WholeBrain_N.n  WholeBrain_O.n  CerebralCortex_I.p.C  OlfactoryBulb_Mass.g  OlfactoryBulb_N.n  OlfactoryBulb_O.n
  2   28  Body_Mass.g  Cerebellum_Mass.g  Cerebellum_N.n  Cerebellum_O.n  CerebralCortex_Mass.g  CerebralCortex_N.n  CerebralCortex_O.n  RoB_Mass.g  RoB_N.n  RoB_O.n  WholeBrain_C.n  WholeBrain_N.n  WholeBrain_O.n  CerebralCortex_I.p.C  OlfactoryBulb_Mass.g  OlfactoryBulb_N.n  OlfactoryBulb_O.n
  2   29  Body_Mass.g  Cerebellum_Mass.g  Cerebellum_N.n  Cerebellum_O.n  CerebralCortex_Mass.g  CerebralCortex_N.n  CerebralCortex_O.n  RoB_Mass.g  RoB_N.n  RoB_O.n  WholeBrain_C.n  WholeBrain_N.n  WholeBrain_O.n  CerebralCortex_I.p.C  OlfactoryBulb_Mass.g  OlfactoryBulb_N.n  OlfactoryBulb_O.n
  2   30  Body_Mass.g  Cerebellum_Mass.g  Cerebellum_N.n  Cerebellum_O.n  CerebralCortex_Mass.g  CerebralCortex_N.n  CerebralCortex_O.n  RoB_Mass.g  RoB_N.n  RoB_O.n  WholeBrain_C.n  WholeBrain_N.n  WholeBrain_O.n  CerebralCortex_I.p.C  OlfactoryBulb_Mass.g  OlfactoryBulb_N.n  OlfactoryBulb_O.n
  3   1  Body_Mass.g  Cerebellum_Mass.g  Cerebellum_N.n  Cerebellum_O.n  CerebralCortex_Mass.g  CerebralCortex_N.n  CerebralCortex_O.n  RoB_Mass.g  RoB_N.n  RoB_O.n  WholeBrain_C.n  WholeBrain_N.n  WholeBrain_O.n  CerebralCortex_I.p.C  OlfactoryBulb_Mass.g  OlfactoryBulb_N.n  OlfactoryBulb_O.n
  3   2  Body_Mass.g  Cerebellum_Mass.g  Cerebellum_N.n  Cerebellum_O.n  CerebralCortex_Mass.g  CerebralCortex_N.n  CerebralCortex_O.n  RoB_Mass.g  RoB_N.n  RoB_O.n  WholeBrain_C.n  WholeBrain_N.n  WholeBrain_O.n  CerebralCortex_I.p.C  OlfactoryBulb_Mass.g  OlfactoryBulb_N.n  OlfactoryBulb_O.n
  3   3  Body_Mass.g  Cerebellum_Mass.g  Cerebellum_N.n  Cerebellum_O.n  CerebralCortex_Mass.g  CerebralCortex_N.n  CerebralCortex_O.n  RoB_Mass.g  RoB_N.n  RoB_O.n  WholeBrain_C.n  WholeBrain_N.n  WholeBrain_O.n  CerebralCortex_I.p.C  OlfactoryBulb_Mass.g  OlfactoryBulb_N.n  OlfactoryBulb_O.n
  3   4  Body_Mass.g  Cerebellum_Mass.g  Cerebellum_N.n  Cerebellum_O.n  CerebralCortex_Mass.g  CerebralCortex_N.n  CerebralCortex_O.n  RoB_Mass.g  RoB_N.n  RoB_O.n  WholeBrain_C.n  WholeBrain_N.n  WholeBrain_O.n  CerebralCortex_I.p.C  OlfactoryBulb_Mass.g  OlfactoryBulb_N.n  OlfactoryBulb_O.n
  3   5  Body_Mass.g  Cerebellum_Mass.g  Cerebellum_N.n  Cerebellum_O.n  CerebralCortex_Mass.g  CerebralCortex_N.n  CerebralCortex_O.n  RoB_Mass.g  RoB_N.n  RoB_O.n  WholeBrain_C.n  WholeBrain_N.n  WholeBrain_O.n  CerebralCortex_I.p.C  OlfactoryBulb_Mass.g  OlfactoryBulb_N.n  OlfactoryBulb_O.n
  3   6  Body_Mass.g  Cerebellum_Mass.g  Cerebellum_N.n  Cerebellum_O.n  CerebralCortex_Mass.g  CerebralCortex_N.n  CerebralCortex_O.n  RoB_Mass.g  RoB_N.n  RoB_O.n  WholeBrain_C.n  WholeBrain_N.n  WholeBrain_O.n  CerebralCortex_I.p.C  OlfactoryBulb_Mass.g  OlfactoryBulb_N.n  OlfactoryBulb_O.n
  3   7  Body_Mass.g  Cerebellum_Mass.g  Cerebellum_N.n  Cerebellum_O.n  CerebralCortex_Mass.g  CerebralCortex_N.n  CerebralCortex_O.n  RoB_Mass.g  RoB_N.n  RoB_O.n  WholeBrain_C.n  WholeBrain_N.n  WholeBrain_O.n  CerebralCortex_I.p.C  OlfactoryBulb_Mass.g  OlfactoryBulb_N.n  OlfactoryBulb_O.n
  3   8  Body_Mass.g  Cerebellum_Mass.g  Cerebellum_N.n  Cerebellum_O.n  CerebralCortex_Mass.g  CerebralCortex_N.n  CerebralCortex_O.n  RoB_Mass.g  RoB_N.n  RoB_O.n  WholeBrain_C.n  WholeBrain_N.n  WholeBrain_O.n  CerebralCortex_I.p.C  OlfactoryBulb_Mass.g  OlfactoryBulb_N.n  OlfactoryBulb_O.n
  3   9  Body_Mass.g  Cerebellum_Mass.g  Cerebellum_N.n  Cerebellum_O.n  CerebralCortex_Mass.g  CerebralCortex_N.n  CerebralCortex_O.n  RoB_Mass.g  RoB_N.n  RoB_O.n  WholeBrain_C.n  WholeBrain_N.n  WholeBrain_O.n  CerebralCortex_I.p.C  OlfactoryBulb_Mass.g  OlfactoryBulb_N.n  OlfactoryBulb_O.n
  3   10  Body_Mass.g  Cerebellum_Mass.g  Cerebellum_N.n  Cerebellum_O.n  CerebralCortex_Mass.g  CerebralCortex_N.n  CerebralCortex_O.n  RoB_Mass.g  RoB_N.n  RoB_O.n  WholeBrain_C.n  WholeBrain_N.n  WholeBrain_O.n  CerebralCortex_I.p.C  OlfactoryBulb_Mass.g  OlfactoryBulb_N.n  OlfactoryBulb_O.n
  3   11  Body_Mass.g  Cerebellum_Mass.g  Cerebellum_N.n  Cerebellum_O.n  CerebralCortex_Mass.g  CerebralCortex_N.n  CerebralCortex_O.n  RoB_Mass.g  RoB_N.n  RoB_O.n  WholeBrain_C.n  WholeBrain_N.n  WholeBrain_O.n  CerebralCortex_I.p.C  OlfactoryBulb_Mass.g  OlfactoryBulb_N.n  OlfactoryBulb_O.n
  3   12  Body_Mass.g  Cerebellum_Mass.g  Cerebellum_N.n  Cerebellum_O.n  CerebralCortex_Mass.g  CerebralCortex_N.n  CerebralCortex_O.n  RoB_Mass.g  RoB_N.n  RoB_O.n  WholeBrain_C.n  WholeBrain_N.n  WholeBrain_O.n  CerebralCortex_I.p.C  OlfactoryBulb_Mass.g  OlfactoryBulb_N.n  OlfactoryBulb_O.n
  3   13  Body_Mass.g  Cerebellum_Mass.g  Cerebellum_N.n  Cerebellum_O.n  CerebralCortex_Mass.g  CerebralCortex_N.n  CerebralCortex_O.n  RoB_Mass.g  RoB_N.n  RoB_O.n  WholeBrain_C.n  WholeBrain_N.n  WholeBrain_O.n  CerebralCortex_I.p.C  OlfactoryBulb_Mass.g  OlfactoryBulb_N.n  OlfactoryBulb_O.n
  3   14  Body_Mass.g  Cerebellum_Mass.g  Cerebellum_N.n  Cerebellum_O.n  CerebralCortex_Mass.g  CerebralCortex_N.n  CerebralCortex_O.n  RoB_Mass.g  RoB_N.n  RoB_O.n  WholeBrain_C.n  WholeBrain_N.n  WholeBrain_O.n  CerebralCortex_I.p.C  OlfactoryBulb_Mass.g  OlfactoryBulb_N.n  OlfactoryBulb_O.n
  3   15  Body_Mass.g  Cerebellum_Mass.g  Cerebellum_N.n  Cerebellum_O.n  CerebralCortex_Mass.g  CerebralCortex_N.n  CerebralCortex_O.n  RoB_Mass.g  RoB_N.n  RoB_O.n  WholeBrain_C.n  WholeBrain_N.n  WholeBrain_O.n  CerebralCortex_I.p.C  OlfactoryBulb_Mass.g  OlfactoryBulb_N.n  OlfactoryBulb_O.n
  3   16  Body_Mass.g  Cerebellum_Mass.g  Cerebellum_N.n  Cerebellum_O.n  CerebralCortex_Mass.g  CerebralCortex_N.n  CerebralCortex_O.n  RoB_Mass.g  RoB_N.n  RoB_O.n  WholeBrain_C.n  WholeBrain_N.n  WholeBrain_O.n  CerebralCortex_I.p.C  OlfactoryBulb_Mass.g  OlfactoryBulb_N.n  OlfactoryBulb_O.n
  3   17  Body_Mass.g  Cerebellum_Mass.g  Cerebellum_N.n  Cerebellum_O.n  CerebralCortex_Mass.g  CerebralCortex_N.n  CerebralCortex_O.n  RoB_Mass.g  RoB_N.n  RoB_O.n  WholeBrain_C.n  WholeBrain_N.n  WholeBrain_O.n  CerebralCortex_I.p.C  OlfactoryBulb_Mass.g  OlfactoryBulb_N.n  OlfactoryBulb_O.n
  3   18  Body_Mass.g  Cerebellum_Mass.g  Cerebellum_N.n  Cerebellum_O.n  CerebralCortex_Mass.g  CerebralCortex_N.n  CerebralCortex_O.n  RoB_Mass.g  RoB_N.n  RoB_O.n  WholeBrain_C.n  WholeBrain_N.n  WholeBrain_O.n  CerebralCortex_I.p.C  OlfactoryBulb_Mass.g  OlfactoryBulb_N.n  OlfactoryBulb_O.n
  3   19  Body_Mass.g  Cerebellum_Mass.g  Cerebellum_N.n  Cerebellum_O.n  CerebralCortex_Mass.g  CerebralCortex_N.n  CerebralCortex_O.n  RoB_Mass.g  RoB_N.n  RoB_O.n  WholeBrain_C.n  WholeBrain_N.n  WholeBrain_O.n  CerebralCortex_I.p.C  OlfactoryBulb_Mass.g  OlfactoryBulb_N.n  OlfactoryBulb_O.n
  3   20  Body_Mass.g  Cerebellum_Mass.g  Cerebellum_N.n  Cerebellum_O.n  CerebralCortex_Mass.g  CerebralCortex_N.n  CerebralCortex_O.n  RoB_Mass.g  RoB_N.n  RoB_O.n  WholeBrain_C.n  WholeBrain_N.n  WholeBrain_O.n  CerebralCortex_I.p.C  OlfactoryBulb_Mass.g  OlfactoryBulb_N.n  OlfactoryBulb_O.n
  3   21  Body_Mass.g  Cerebellum_Mass.g  Cerebellum_N.n  Cerebellum_O.n  CerebralCortex_Mass.g  CerebralCortex_N.n  CerebralCortex_O.n  RoB_Mass.g  RoB_N.n  RoB_O.n  WholeBrain_C.n  WholeBrain_N.n  WholeBrain_O.n  CerebralCortex_I.p.C  OlfactoryBulb_Mass.g  OlfactoryBulb_N.n  OlfactoryBulb_O.n
  3   22  Body_Mass.g  Cerebellum_Mass.g  Cerebellum_N.n  Cerebellum_O.n  CerebralCortex_Mass.g  CerebralCortex_N.n  CerebralCortex_O.n  RoB_Mass.g  RoB_N.n  RoB_O.n  WholeBrain_C.n  WholeBrain_N.n  WholeBrain_O.n  CerebralCortex_I.p.C  OlfactoryBulb_Mass.g  OlfactoryBulb_N.n  OlfactoryBulb_O.n
  3   23  Body_Mass.g  Cerebellum_Mass.g  Cerebellum_N.n  Cerebellum_O.n  CerebralCortex_Mass.g  CerebralCortex_N.n  CerebralCortex_O.n  RoB_Mass.g  RoB_N.n  RoB_O.n  WholeBrain_C.n  WholeBrain_N.n  WholeBrain_O.n  CerebralCortex_I.p.C  OlfactoryBulb_Mass.g  OlfactoryBulb_N.n  OlfactoryBulb_O.n
  3   24  Body_Mass.g  Cerebellum_Mass.g  Cerebellum_N.n  Cerebellum_O.n  CerebralCortex_Mass.g  CerebralCortex_N.n  CerebralCortex_O.n  RoB_Mass.g  RoB_N.n  RoB_O.n  WholeBrain_C.n  WholeBrain_N.n  WholeBrain_O.n  CerebralCortex_I.p.C  OlfactoryBulb_Mass.g  OlfactoryBulb_N.n  OlfactoryBulb_O.n
  3   25  Body_Mass.g  Cerebellum_Mass.g  Cerebellum_N.n  Cerebellum_O.n  CerebralCortex_Mass.g  CerebralCortex_N.n  CerebralCortex_O.n  RoB_Mass.g  RoB_N.n  RoB_O.n  WholeBrain_C.n  WholeBrain_N.n  WholeBrain_O.n  CerebralCortex_I.p.C  OlfactoryBulb_Mass.g  OlfactoryBulb_N.n  OlfactoryBulb_O.n
  3   26  Body_Mass.g  Cerebellum_Mass.g  Cerebellum_N.n  Cerebellum_O.n  CerebralCortex_Mass.g  CerebralCortex_N.n  CerebralCortex_O.n  RoB_Mass.g  RoB_N.n  RoB_O.n  WholeBrain_C.n  WholeBrain_N.n  WholeBrain_O.n  CerebralCortex_I.p.C  OlfactoryBulb_Mass.g  OlfactoryBulb_N.n  OlfactoryBulb_O.n
  3   27  Body_Mass.g  Cerebellum_Mass.g  Cerebellum_N.n  Cerebellum_O.n  CerebralCortex_Mass.g  CerebralCortex_N.n  CerebralCortex_O.n  RoB_Mass.g  RoB_N.n  RoB_O.n  WholeBrain_C.n  WholeBrain_N.n  WholeBrain_O.n  CerebralCortex_I.p.C  OlfactoryBulb_Mass.g  OlfactoryBulb_N.n  OlfactoryBulb_O.n
  3   28  Body_Mass.g  Cerebellum_Mass.g  Cerebellum_N.n  Cerebellum_O.n  CerebralCortex_Mass.g  CerebralCortex_N.n  CerebralCortex_O.n  RoB_Mass.g  RoB_N.n  RoB_O.n  WholeBrain_C.n  WholeBrain_N.n  WholeBrain_O.n  CerebralCortex_I.p.C  OlfactoryBulb_Mass.g  OlfactoryBulb_N.n  OlfactoryBulb_O.n
  3   29  Body_Mass.g  Cerebellum_Mass.g  Cerebellum_N.n  Cerebellum_O.n  CerebralCortex_Mass.g  CerebralCortex_N.n  CerebralCortex_O.n  RoB_Mass.g  RoB_N.n  RoB_O.n  WholeBrain_C.n  WholeBrain_N.n  WholeBrain_O.n  CerebralCortex_I.p.C  OlfactoryBulb_Mass.g  OlfactoryBulb_N.n  OlfactoryBulb_O.n
  3   30  Body_Mass.g  Cerebellum_Mass.g  Cerebellum_N.n  Cerebellum_O.n  CerebralCortex_Mass.g  CerebralCortex_N.n  CerebralCortex_O.n  RoB_Mass.g  RoB_N.n  RoB_O.n  WholeBrain_C.n  WholeBrain_N.n  WholeBrain_O.n  CerebralCortex_I.p.C  OlfactoryBulb_Mass.g  OlfactoryBulb_N.n  OlfactoryBulb_O.n
  4   1  Body_Mass.g  Cerebellum_Mass.g  Cerebellum_N.n  Cerebellum_O.n  CerebralCortex_Mass.g  CerebralCortex_N.n  CerebralCortex_O.n  RoB_Mass.g  RoB_N.n  RoB_O.n  WholeBrain_C.n  WholeBrain_N.n  WholeBrain_O.n  CerebralCortex_I.p.C  OlfactoryBulb_Mass.g  OlfactoryBulb_N.n  OlfactoryBulb_O.n
  4   2  Body_Mass.g  Cerebellum_Mass.g  Cerebellum_N.n  Cerebellum_O.n  CerebralCortex_Mass.g  CerebralCortex_N.n  CerebralCortex_O.n  RoB_Mass.g  RoB_N.n  RoB_O.n  WholeBrain_C.n  WholeBrain_N.n  WholeBrain_O.n  CerebralCortex_I.p.C  OlfactoryBulb_Mass.g  OlfactoryBulb_N.n  OlfactoryBulb_O.n
  4   3  Body_Mass.g  Cerebellum_Mass.g  Cerebellum_N.n  Cerebellum_O.n  CerebralCortex_Mass.g  CerebralCortex_N.n  CerebralCortex_O.n  RoB_Mass.g  RoB_N.n  RoB_O.n  WholeBrain_C.n  WholeBrain_N.n  WholeBrain_O.n  CerebralCortex_I.p.C  OlfactoryBulb_Mass.g  OlfactoryBulb_N.n  OlfactoryBulb_O.n
  4   4  Body_Mass.g  Cerebellum_Mass.g  Cerebellum_N.n  Cerebellum_O.n  CerebralCortex_Mass.g  CerebralCortex_N.n  CerebralCortex_O.n  RoB_Mass.g  RoB_N.n  RoB_O.n  WholeBrain_C.n  WholeBrain_N.n  WholeBrain_O.n  CerebralCortex_I.p.C  OlfactoryBulb_Mass.g  OlfactoryBulb_N.n  OlfactoryBulb_O.n
  4   5  Body_Mass.g  Cerebellum_Mass.g  Cerebellum_N.n  Cerebellum_O.n  CerebralCortex_Mass.g  CerebralCortex_N.n  CerebralCortex_O.n  RoB_Mass.g  RoB_N.n  RoB_O.n  WholeBrain_C.n  WholeBrain_N.n  WholeBrain_O.n  CerebralCortex_I.p.C  OlfactoryBulb_Mass.g  OlfactoryBulb_N.n  OlfactoryBulb_O.n
  4   6  Body_Mass.g  Cerebellum_Mass.g  Cerebellum_N.n  Cerebellum_O.n  CerebralCortex_Mass.g  CerebralCortex_N.n  CerebralCortex_O.n  RoB_Mass.g  RoB_N.n  RoB_O.n  WholeBrain_C.n  WholeBrain_N.n  WholeBrain_O.n  CerebralCortex_I.p.C  OlfactoryBulb_Mass.g  OlfactoryBulb_N.n  OlfactoryBulb_O.n
  4   7  Body_Mass.g  Cerebellum_Mass.g  Cerebellum_N.n  Cerebellum_O.n  CerebralCortex_Mass.g  CerebralCortex_N.n  CerebralCortex_O.n  RoB_Mass.g  RoB_N.n  RoB_O.n  WholeBrain_C.n  WholeBrain_N.n  WholeBrain_O.n  CerebralCortex_I.p.C  OlfactoryBulb_Mass.g  OlfactoryBulb_N.n  OlfactoryBulb_O.n
  4   8  Body_Mass.g  Cerebellum_Mass.g  Cerebellum_N.n  Cerebellum_O.n  CerebralCortex_Mass.g  CerebralCortex_N.n  CerebralCortex_O.n  RoB_Mass.g  RoB_N.n  RoB_O.n  WholeBrain_C.n  WholeBrain_N.n  WholeBrain_O.n  CerebralCortex_I.p.C  OlfactoryBulb_Mass.g  OlfactoryBulb_N.n  OlfactoryBulb_O.n
  4   9  Body_Mass.g  Cerebellum_Mass.g  Cerebellum_N.n  Cerebellum_O.n  CerebralCortex_Mass.g  CerebralCortex_N.n  CerebralCortex_O.n  RoB_Mass.g  RoB_N.n  RoB_O.n  WholeBrain_C.n  WholeBrain_N.n  WholeBrain_O.n  CerebralCortex_I.p.C  OlfactoryBulb_Mass.g  OlfactoryBulb_N.n  OlfactoryBulb_O.n
  4   10  Body_Mass.g  Cerebellum_Mass.g  Cerebellum_N.n  Cerebellum_O.n  CerebralCortex_Mass.g  CerebralCortex_N.n  CerebralCortex_O.n  RoB_Mass.g  RoB_N.n  RoB_O.n  WholeBrain_C.n  WholeBrain_N.n  WholeBrain_O.n  CerebralCortex_I.p.C  OlfactoryBulb_Mass.g  OlfactoryBulb_N.n  OlfactoryBulb_O.n
  4   11  Body_Mass.g  Cerebellum_Mass.g  Cerebellum_N.n  Cerebellum_O.n  CerebralCortex_Mass.g  CerebralCortex_N.n  CerebralCortex_O.n  RoB_Mass.g  RoB_N.n  RoB_O.n  WholeBrain_C.n  WholeBrain_N.n  WholeBrain_O.n  CerebralCortex_I.p.C  OlfactoryBulb_Mass.g  OlfactoryBulb_N.n  OlfactoryBulb_O.n
  4   12  Body_Mass.g  Cerebellum_Mass.g  Cerebellum_N.n  Cerebellum_O.n  CerebralCortex_Mass.g  CerebralCortex_N.n  CerebralCortex_O.n  RoB_Mass.g  RoB_N.n  RoB_O.n  WholeBrain_C.n  WholeBrain_N.n  WholeBrain_O.n  CerebralCortex_I.p.C  OlfactoryBulb_Mass.g  OlfactoryBulb_N.n  OlfactoryBulb_O.n
  4   13  Body_Mass.g  Cerebellum_Mass.g  Cerebellum_N.n  Cerebellum_O.n  CerebralCortex_Mass.g  CerebralCortex_N.n  CerebralCortex_O.n  RoB_Mass.g  RoB_N.n  RoB_O.n  WholeBrain_C.n  WholeBrain_N.n  WholeBrain_O.n  CerebralCortex_I.p.C  OlfactoryBulb_Mass.g  OlfactoryBulb_N.n  OlfactoryBulb_O.n
  4   14  Body_Mass.g  Cerebellum_Mass.g  Cerebellum_N.n  Cerebellum_O.n  CerebralCortex_Mass.g  CerebralCortex_N.n  CerebralCortex_O.n  RoB_Mass.g  RoB_N.n  RoB_O.n  WholeBrain_C.n  WholeBrain_N.n  WholeBrain_O.n  CerebralCortex_I.p.C  OlfactoryBulb_Mass.g  OlfactoryBulb_N.n  OlfactoryBulb_O.n
  4   15  Body_Mass.g  Cerebellum_Mass.g  Cerebellum_N.n  Cerebellum_O.n  CerebralCortex_Mass.g  CerebralCortex_N.n  CerebralCortex_O.n  RoB_Mass.g  RoB_N.n  RoB_O.n  WholeBrain_C.n  WholeBrain_N.n  WholeBrain_O.n  CerebralCortex_I.p.C  OlfactoryBulb_Mass.g  OlfactoryBulb_N.n  OlfactoryBulb_O.n
  4   16  Body_Mass.g  Cerebellum_Mass.g  Cerebellum_N.n  Cerebellum_O.n  CerebralCortex_Mass.g  CerebralCortex_N.n  CerebralCortex_O.n  RoB_Mass.g  RoB_N.n  RoB_O.n  WholeBrain_C.n  WholeBrain_N.n  WholeBrain_O.n  CerebralCortex_I.p.C  OlfactoryBulb_Mass.g  OlfactoryBulb_N.n  OlfactoryBulb_O.n
  4   17  Body_Mass.g  Cerebellum_Mass.g  Cerebellum_N.n  Cerebellum_O.n  CerebralCortex_Mass.g  CerebralCortex_N.n  CerebralCortex_O.n  RoB_Mass.g  RoB_N.n  RoB_O.n  WholeBrain_C.n  WholeBrain_N.n  WholeBrain_O.n  CerebralCortex_I.p.C  OlfactoryBulb_Mass.g  OlfactoryBulb_N.n  OlfactoryBulb_O.n
  4   18  Body_Mass.g  Cerebellum_Mass.g  Cerebellum_N.n  Cerebellum_O.n  CerebralCortex_Mass.g  CerebralCortex_N.n  CerebralCortex_O.n  RoB_Mass.g  RoB_N.n  RoB_O.n  WholeBrain_C.n  WholeBrain_N.n  WholeBrain_O.n  CerebralCortex_I.p.C  OlfactoryBulb_Mass.g  OlfactoryBulb_N.n  OlfactoryBulb_O.n
  4   19  Body_Mass.g  Cerebellum_Mass.g  Cerebellum_N.n  Cerebellum_O.n  CerebralCortex_Mass.g  CerebralCortex_N.n  CerebralCortex_O.n  RoB_Mass.g  RoB_N.n  RoB_O.n  WholeBrain_C.n  WholeBrain_N.n  WholeBrain_O.n  CerebralCortex_I.p.C  OlfactoryBulb_Mass.g  OlfactoryBulb_N.n  OlfactoryBulb_O.n
  4   20  Body_Mass.g  Cerebellum_Mass.g  Cerebellum_N.n  Cerebellum_O.n  CerebralCortex_Mass.g  CerebralCortex_N.n  CerebralCortex_O.n  RoB_Mass.g  RoB_N.n  RoB_O.n  WholeBrain_C.n  WholeBrain_N.n  WholeBrain_O.n  CerebralCortex_I.p.C  OlfactoryBulb_Mass.g  OlfactoryBulb_N.n  OlfactoryBulb_O.n
  4   21  Body_Mass.g  Cerebellum_Mass.g  Cerebellum_N.n  Cerebellum_O.n  CerebralCortex_Mass.g  CerebralCortex_N.n  CerebralCortex_O.n  RoB_Mass.g  RoB_N.n  RoB_O.n  WholeBrain_C.n  WholeBrain_N.n  WholeBrain_O.n  CerebralCortex_I.p.C  OlfactoryBulb_Mass.g  OlfactoryBulb_N.n  OlfactoryBulb_O.n
  4   22  Body_Mass.g  Cerebellum_Mass.g  Cerebellum_N.n  Cerebellum_O.n  CerebralCortex_Mass.g  CerebralCortex_N.n  CerebralCortex_O.n  RoB_Mass.g  RoB_N.n  RoB_O.n  WholeBrain_C.n  WholeBrain_N.n  WholeBrain_O.n  CerebralCortex_I.p.C  OlfactoryBulb_Mass.g  OlfactoryBulb_N.n  OlfactoryBulb_O.n
  4   23  Body_Mass.g  Cerebellum_Mass.g  Cerebellum_N.n  Cerebellum_O.n  CerebralCortex_Mass.g  CerebralCortex_N.n  CerebralCortex_O.n  RoB_Mass.g  RoB_N.n  RoB_O.n  WholeBrain_C.n  WholeBrain_N.n  WholeBrain_O.n  CerebralCortex_I.p.C  OlfactoryBulb_Mass.g  OlfactoryBulb_N.n  OlfactoryBulb_O.n
  4   24  Body_Mass.g  Cerebellum_Mass.g  Cerebellum_N.n  Cerebellum_O.n  CerebralCortex_Mass.g  CerebralCortex_N.n  CerebralCortex_O.n  RoB_Mass.g  RoB_N.n  RoB_O.n  WholeBrain_C.n  WholeBrain_N.n  WholeBrain_O.n  CerebralCortex_I.p.C  OlfactoryBulb_Mass.g  OlfactoryBulb_N.n  OlfactoryBulb_O.n
  4   25  Body_Mass.g  Cerebellum_Mass.g  Cerebellum_N.n  Cerebellum_O.n  CerebralCortex_Mass.g  CerebralCortex_N.n  CerebralCortex_O.n  RoB_Mass.g  RoB_N.n  RoB_O.n  WholeBrain_C.n  WholeBrain_N.n  WholeBrain_O.n  CerebralCortex_I.p.C  OlfactoryBulb_Mass.g  OlfactoryBulb_N.n  OlfactoryBulb_O.n
  4   26  Body_Mass.g  Cerebellum_Mass.g  Cerebellum_N.n  Cerebellum_O.n  CerebralCortex_Mass.g  CerebralCortex_N.n  CerebralCortex_O.n  RoB_Mass.g  RoB_N.n  RoB_O.n  WholeBrain_C.n  WholeBrain_N.n  WholeBrain_O.n  CerebralCortex_I.p.C  OlfactoryBulb_Mass.g  OlfactoryBulb_N.n  OlfactoryBulb_O.n
  4   27  Body_Mass.g  Cerebellum_Mass.g  Cerebellum_N.n  Cerebellum_O.n  CerebralCortex_Mass.g  CerebralCortex_N.n  CerebralCortex_O.n  RoB_Mass.g  RoB_N.n  RoB_O.n  WholeBrain_C.n  WholeBrain_N.n  WholeBrain_O.n  CerebralCortex_I.p.C  OlfactoryBulb_Mass.g  OlfactoryBulb_N.n  OlfactoryBulb_O.n
  4   28  Body_Mass.g  Cerebellum_Mass.g  Cerebellum_N.n  Cerebellum_O.n  CerebralCortex_Mass.g  CerebralCortex_N.n  CerebralCortex_O.n  RoB_Mass.g  RoB_N.n  RoB_O.n  WholeBrain_C.n  WholeBrain_N.n  WholeBrain_O.n  CerebralCortex_I.p.C  OlfactoryBulb_Mass.g  OlfactoryBulb_N.n  OlfactoryBulb_O.n
  4   29  Body_Mass.g  Cerebellum_Mass.g  Cerebellum_N.n  Cerebellum_O.n  CerebralCortex_Mass.g  CerebralCortex_N.n  CerebralCortex_O.n  RoB_Mass.g  RoB_N.n  RoB_O.n  WholeBrain_C.n  WholeBrain_N.n  WholeBrain_O.n  CerebralCortex_I.p.C  OlfactoryBulb_Mass.g  OlfactoryBulb_N.n  OlfactoryBulb_O.n
  4   30  Body_Mass.g  Cerebellum_Mass.g  Cerebellum_N.n  Cerebellum_O.n  CerebralCortex_Mass.g  CerebralCortex_N.n  CerebralCortex_O.n  RoB_Mass.g  RoB_N.n  RoB_O.n  WholeBrain_C.n  WholeBrain_N.n  WholeBrain_O.n  CerebralCortex_I.p.C  OlfactoryBulb_Mass.g  OlfactoryBulb_N.n  OlfactoryBulb_O.n
  5   1  Body_Mass.g  Cerebellum_Mass.g  Cerebellum_N.n  Cerebellum_O.n  CerebralCortex_Mass.g  CerebralCortex_N.n  CerebralCortex_O.n  RoB_Mass.g  RoB_N.n  RoB_O.n  WholeBrain_C.n  WholeBrain_N.n  WholeBrain_O.n  CerebralCortex_I.p.C  OlfactoryBulb_Mass.g  OlfactoryBulb_N.n  OlfactoryBulb_O.n
  5   2  Body_Mass.g  Cerebellum_Mass.g  Cerebellum_N.n  Cerebellum_O.n  CerebralCortex_Mass.g  CerebralCortex_N.n  CerebralCortex_O.n  RoB_Mass.g  RoB_N.n  RoB_O.n  WholeBrain_C.n  WholeBrain_N.n  WholeBrain_O.n  CerebralCortex_I.p.C  OlfactoryBulb_Mass.g  OlfactoryBulb_N.n  OlfactoryBulb_O.n
  5   3  Body_Mass.g  Cerebellum_Mass.g  Cerebellum_N.n  Cerebellum_O.n  CerebralCortex_Mass.g  CerebralCortex_N.n  CerebralCortex_O.n  RoB_Mass.g  RoB_N.n  RoB_O.n  WholeBrain_C.n  WholeBrain_N.n  WholeBrain_O.n  CerebralCortex_I.p.C  OlfactoryBulb_Mass.g  OlfactoryBulb_N.n  OlfactoryBulb_O.n
  5   4  Body_Mass.g  Cerebellum_Mass.g  Cerebellum_N.n  Cerebellum_O.n  CerebralCortex_Mass.g  CerebralCortex_N.n  CerebralCortex_O.n  RoB_Mass.g  RoB_N.n  RoB_O.n  WholeBrain_C.n  WholeBrain_N.n  WholeBrain_O.n  CerebralCortex_I.p.C  OlfactoryBulb_Mass.g  OlfactoryBulb_N.n  OlfactoryBulb_O.n
  5   5  Body_Mass.g  Cerebellum_Mass.g  Cerebellum_N.n  Cerebellum_O.n  CerebralCortex_Mass.g  CerebralCortex_N.n  CerebralCortex_O.n  RoB_Mass.g  RoB_N.n  RoB_O.n  WholeBrain_C.n  WholeBrain_N.n  WholeBrain_O.n  CerebralCortex_I.p.C  OlfactoryBulb_Mass.g  OlfactoryBulb_N.n  OlfactoryBulb_O.n
  5   6  Body_Mass.g  Cerebellum_Mass.g  Cerebellum_N.n  Cerebellum_O.n  CerebralCortex_Mass.g  CerebralCortex_N.n  CerebralCortex_O.n  RoB_Mass.g  RoB_N.n  RoB_O.n  WholeBrain_C.n  WholeBrain_N.n  WholeBrain_O.n  CerebralCortex_I.p.C  OlfactoryBulb_Mass.g  OlfactoryBulb_N.n  OlfactoryBulb_O.n
  5   7  Body_Mass.g  Cerebellum_Mass.g  Cerebellum_N.n  Cerebellum_O.n  CerebralCortex_Mass.g  CerebralCortex_N.n  CerebralCortex_O.n  RoB_Mass.g  RoB_N.n  RoB_O.n  WholeBrain_C.n  WholeBrain_N.n  WholeBrain_O.n  CerebralCortex_I.p.C  OlfactoryBulb_Mass.g  OlfactoryBulb_N.n  OlfactoryBulb_O.n
  5   8  Body_Mass.g  Cerebellum_Mass.g  Cerebellum_N.n  Cerebellum_O.n  CerebralCortex_Mass.g  CerebralCortex_N.n  CerebralCortex_O.n  RoB_Mass.g  RoB_N.n  RoB_O.n  WholeBrain_C.n  WholeBrain_N.n  WholeBrain_O.n  CerebralCortex_I.p.C  OlfactoryBulb_Mass.g  OlfactoryBulb_N.n  OlfactoryBulb_O.n
  5   9  Body_Mass.g  Cerebellum_Mass.g  Cerebellum_N.n  Cerebellum_O.n  CerebralCortex_Mass.g  CerebralCortex_N.n  CerebralCortex_O.n  RoB_Mass.g  RoB_N.n  RoB_O.n  WholeBrain_C.n  WholeBrain_N.n  WholeBrain_O.n  CerebralCortex_I.p.C  OlfactoryBulb_Mass.g  OlfactoryBulb_N.n  OlfactoryBulb_O.n
  5   10  Body_Mass.g  Cerebellum_Mass.g  Cerebellum_N.n  Cerebellum_O.n  CerebralCortex_Mass.g  CerebralCortex_N.n  CerebralCortex_O.n  RoB_Mass.g  RoB_N.n  RoB_O.n  WholeBrain_C.n  WholeBrain_N.n  WholeBrain_O.n  CerebralCortex_I.p.C  OlfactoryBulb_Mass.g  OlfactoryBulb_N.n  OlfactoryBulb_O.n
  5   11  Body_Mass.g  Cerebellum_Mass.g  Cerebellum_N.n  Cerebellum_O.n  CerebralCortex_Mass.g  CerebralCortex_N.n  CerebralCortex_O.n  RoB_Mass.g  RoB_N.n  RoB_O.n  WholeBrain_C.n  WholeBrain_N.n  WholeBrain_O.n  CerebralCortex_I.p.C  OlfactoryBulb_Mass.g  OlfactoryBulb_N.n  OlfactoryBulb_O.n
  5   12  Body_Mass.g  Cerebellum_Mass.g  Cerebellum_N.n  Cerebellum_O.n  CerebralCortex_Mass.g  CerebralCortex_N.n  CerebralCortex_O.n  RoB_Mass.g  RoB_N.n  RoB_O.n  WholeBrain_C.n  WholeBrain_N.n  WholeBrain_O.n  CerebralCortex_I.p.C  OlfactoryBulb_Mass.g  OlfactoryBulb_N.n  OlfactoryBulb_O.n
  5   13  Body_Mass.g  Cerebellum_Mass.g  Cerebellum_N.n  Cerebellum_O.n  CerebralCortex_Mass.g  CerebralCortex_N.n  CerebralCortex_O.n  RoB_Mass.g  RoB_N.n  RoB_O.n  WholeBrain_C.n  WholeBrain_N.n  WholeBrain_O.n  CerebralCortex_I.p.C  OlfactoryBulb_Mass.g  OlfactoryBulb_N.n  OlfactoryBulb_O.n
  5   14  Body_Mass.g  Cerebellum_Mass.g  Cerebellum_N.n  Cerebellum_O.n  CerebralCortex_Mass.g  CerebralCortex_N.n  CerebralCortex_O.n  RoB_Mass.g  RoB_N.n  RoB_O.n  WholeBrain_C.n  WholeBrain_N.n  WholeBrain_O.n  CerebralCortex_I.p.C  OlfactoryBulb_Mass.g  OlfactoryBulb_N.n  OlfactoryBulb_O.n
  5   15  Body_Mass.g  Cerebellum_Mass.g  Cerebellum_N.n  Cerebellum_O.n  CerebralCortex_Mass.g  CerebralCortex_N.n  CerebralCortex_O.n  RoB_Mass.g  RoB_N.n  RoB_O.n  WholeBrain_C.n  WholeBrain_N.n  WholeBrain_O.n  CerebralCortex_I.p.C  OlfactoryBulb_Mass.g  OlfactoryBulb_N.n  OlfactoryBulb_O.n
  5   16  Body_Mass.g  Cerebellum_Mass.g  Cerebellum_N.n  Cerebellum_O.n  CerebralCortex_Mass.g  CerebralCortex_N.n  CerebralCortex_O.n  RoB_Mass.g  RoB_N.n  RoB_O.n  WholeBrain_C.n  WholeBrain_N.n  WholeBrain_O.n  CerebralCortex_I.p.C  OlfactoryBulb_Mass.g  OlfactoryBulb_N.n  OlfactoryBulb_O.n
  5   17  Body_Mass.g  Cerebellum_Mass.g  Cerebellum_N.n  Cerebellum_O.n  CerebralCortex_Mass.g  CerebralCortex_N.n  CerebralCortex_O.n  RoB_Mass.g  RoB_N.n  RoB_O.n  WholeBrain_C.n  WholeBrain_N.n  WholeBrain_O.n  CerebralCortex_I.p.C  OlfactoryBulb_Mass.g  OlfactoryBulb_N.n  OlfactoryBulb_O.n
  5   18  Body_Mass.g  Cerebellum_Mass.g  Cerebellum_N.n  Cerebellum_O.n  CerebralCortex_Mass.g  CerebralCortex_N.n  CerebralCortex_O.n  RoB_Mass.g  RoB_N.n  RoB_O.n  WholeBrain_C.n  WholeBrain_N.n  WholeBrain_O.n  CerebralCortex_I.p.C  OlfactoryBulb_Mass.g  OlfactoryBulb_N.n  OlfactoryBulb_O.n
  5   19  Body_Mass.g  Cerebellum_Mass.g  Cerebellum_N.n  Cerebellum_O.n  CerebralCortex_Mass.g  CerebralCortex_N.n  CerebralCortex_O.n  RoB_Mass.g  RoB_N.n  RoB_O.n  WholeBrain_C.n  WholeBrain_N.n  WholeBrain_O.n  CerebralCortex_I.p.C  OlfactoryBulb_Mass.g  OlfactoryBulb_N.n  OlfactoryBulb_O.n
  5   20  Body_Mass.g  Cerebellum_Mass.g  Cerebellum_N.n  Cerebellum_O.n  CerebralCortex_Mass.g  CerebralCortex_N.n  CerebralCortex_O.n  RoB_Mass.g  RoB_N.n  RoB_O.n  WholeBrain_C.n  WholeBrain_N.n  WholeBrain_O.n  CerebralCortex_I.p.C  OlfactoryBulb_Mass.g  OlfactoryBulb_N.n  OlfactoryBulb_O.n
  5   21  Body_Mass.g  Cerebellum_Mass.g  Cerebellum_N.n  Cerebellum_O.n  CerebralCortex_Mass.g  CerebralCortex_N.n  CerebralCortex_O.n  RoB_Mass.g  RoB_N.n  RoB_O.n  WholeBrain_C.n  WholeBrain_N.n  WholeBrain_O.n  CerebralCortex_I.p.C  OlfactoryBulb_Mass.g  OlfactoryBulb_N.n  OlfactoryBulb_O.n
  5   22  Body_Mass.g  Cerebellum_Mass.g  Cerebellum_N.n  Cerebellum_O.n  CerebralCortex_Mass.g  CerebralCortex_N.n  CerebralCortex_O.n  RoB_Mass.g  RoB_N.n  RoB_O.n  WholeBrain_C.n  WholeBrain_N.n  WholeBrain_O.n  CerebralCortex_I.p.C  OlfactoryBulb_Mass.g  OlfactoryBulb_N.n  OlfactoryBulb_O.n
  5   23  Body_Mass.g  Cerebellum_Mass.g  Cerebellum_N.n  Cerebellum_O.n  CerebralCortex_Mass.g  CerebralCortex_N.n  CerebralCortex_O.n  RoB_Mass.g  RoB_N.n  RoB_O.n  WholeBrain_C.n  WholeBrain_N.n  WholeBrain_O.n  CerebralCortex_I.p.C  OlfactoryBulb_Mass.g  OlfactoryBulb_N.n  OlfactoryBulb_O.n
  5   24  Body_Mass.g  Cerebellum_Mass.g  Cerebellum_N.n  Cerebellum_O.n  CerebralCortex_Mass.g  CerebralCortex_N.n  CerebralCortex_O.n  RoB_Mass.g  RoB_N.n  RoB_O.n  WholeBrain_C.n  WholeBrain_N.n  WholeBrain_O.n  CerebralCortex_I.p.C  OlfactoryBulb_Mass.g  OlfactoryBulb_N.n  OlfactoryBulb_O.n
  5   25  Body_Mass.g  Cerebellum_Mass.g  Cerebellum_N.n  Cerebellum_O.n  CerebralCortex_Mass.g  CerebralCortex_N.n  CerebralCortex_O.n  RoB_Mass.g  RoB_N.n  RoB_O.n  WholeBrain_C.n  WholeBrain_N.n  WholeBrain_O.n  CerebralCortex_I.p.C  OlfactoryBulb_Mass.g  OlfactoryBulb_N.n  OlfactoryBulb_O.n
  5   26  Body_Mass.g  Cerebellum_Mass.g  Cerebellum_N.n  Cerebellum_O.n  CerebralCortex_Mass.g  CerebralCortex_N.n  CerebralCortex_O.n  RoB_Mass.g  RoB_N.n  RoB_O.n  WholeBrain_C.n  WholeBrain_N.n  WholeBrain_O.n  CerebralCortex_I.p.C  OlfactoryBulb_Mass.g  OlfactoryBulb_N.n  OlfactoryBulb_O.n
  5   27  Body_Mass.g  Cerebellum_Mass.g  Cerebellum_N.n  Cerebellum_O.n  CerebralCortex_Mass.g  CerebralCortex_N.n  CerebralCortex_O.n  RoB_Mass.g  RoB_N.n  RoB_O.n  WholeBrain_C.n  WholeBrain_N.n  WholeBrain_O.n  CerebralCortex_I.p.C  OlfactoryBulb_Mass.g  OlfactoryBulb_N.n  OlfactoryBulb_O.n
  5   28  Body_Mass.g  Cerebellum_Mass.g  Cerebellum_N.n  Cerebellum_O.n  CerebralCortex_Mass.g  CerebralCortex_N.n  CerebralCortex_O.n  RoB_Mass.g  RoB_N.n  RoB_O.n  WholeBrain_C.n  WholeBrain_N.n  WholeBrain_O.n  CerebralCortex_I.p.C  OlfactoryBulb_Mass.g  OlfactoryBulb_N.n  OlfactoryBulb_O.n
  5   29  Body_Mass.g  Cerebellum_Mass.g  Cerebellum_N.n  Cerebellum_O.n  CerebralCortex_Mass.g  CerebralCortex_N.n  CerebralCortex_O.n  RoB_Mass.g  RoB_N.n  RoB_O.n  WholeBrain_C.n  WholeBrain_N.n  WholeBrain_O.n  CerebralCortex_I.p.C  OlfactoryBulb_Mass.g  OlfactoryBulb_N.n  OlfactoryBulb_O.n
  5   30  Body_Mass.g  Cerebellum_Mass.g  Cerebellum_N.n  Cerebellum_O.n  CerebralCortex_Mass.g  CerebralCortex_N.n  CerebralCortex_O.n  RoB_Mass.g  RoB_N.n  RoB_O.n  WholeBrain_C.n  WholeBrain_N.n  WholeBrain_O.n  CerebralCortex_I.p.C  OlfactoryBulb_Mass.g  OlfactoryBulb_N.n  OlfactoryBulb_O.n
  6   1  Body_Mass.g  Cerebellum_Mass.g  Cerebellum_N.n  Cerebellum_O.n  CerebralCortex_Mass.g  CerebralCortex_N.n  CerebralCortex_O.n  RoB_Mass.g  RoB_N.n  RoB_O.n  WholeBrain_C.n  WholeBrain_N.n  WholeBrain_O.n  CerebralCortex_I.p.C  OlfactoryBulb_Mass.g  OlfactoryBulb_N.n  OlfactoryBulb_O.n
  6   2  Body_Mass.g  Cerebellum_Mass.g  Cerebellum_N.n  Cerebellum_O.n  CerebralCortex_Mass.g  CerebralCortex_N.n  CerebralCortex_O.n  RoB_Mass.g  RoB_N.n  RoB_O.n  WholeBrain_C.n  WholeBrain_N.n  WholeBrain_O.n  CerebralCortex_I.p.C  OlfactoryBulb_Mass.g  OlfactoryBulb_N.n  OlfactoryBulb_O.n
  6   3  Body_Mass.g  Cerebellum_Mass.g  Cerebellum_N.n  Cerebellum_O.n  CerebralCortex_Mass.g  CerebralCortex_N.n  CerebralCortex_O.n  RoB_Mass.g  RoB_N.n  RoB_O.n  WholeBrain_C.n  WholeBrain_N.n  WholeBrain_O.n  CerebralCortex_I.p.C  OlfactoryBulb_Mass.g  OlfactoryBulb_N.n  OlfactoryBulb_O.n
  6   4  Body_Mass.g  Cerebellum_Mass.g  Cerebellum_N.n  Cerebellum_O.n  CerebralCortex_Mass.g  CerebralCortex_N.n  CerebralCortex_O.n  RoB_Mass.g  RoB_N.n  RoB_O.n  WholeBrain_C.n  WholeBrain_N.n  WholeBrain_O.n  CerebralCortex_I.p.C  OlfactoryBulb_Mass.g  OlfactoryBulb_N.n  OlfactoryBulb_O.n
  6   5  Body_Mass.g  Cerebellum_Mass.g  Cerebellum_N.n  Cerebellum_O.n  CerebralCortex_Mass.g  CerebralCortex_N.n  CerebralCortex_O.n  RoB_Mass.g  RoB_N.n  RoB_O.n  WholeBrain_C.n  WholeBrain_N.n  WholeBrain_O.n  CerebralCortex_I.p.C  OlfactoryBulb_Mass.g  OlfactoryBulb_N.n  OlfactoryBulb_O.n
  6   6  Body_Mass.g  Cerebellum_Mass.g  Cerebellum_N.n  Cerebellum_O.n  CerebralCortex_Mass.g  CerebralCortex_N.n  CerebralCortex_O.n  RoB_Mass.g  RoB_N.n  RoB_O.n  WholeBrain_C.n  WholeBrain_N.n  WholeBrain_O.n  CerebralCortex_I.p.C  OlfactoryBulb_Mass.g  OlfactoryBulb_N.n  OlfactoryBulb_O.n
  6   7  Body_Mass.g  Cerebellum_Mass.g  Cerebellum_N.n  Cerebellum_O.n  CerebralCortex_Mass.g  CerebralCortex_N.n  CerebralCortex_O.n  RoB_Mass.g  RoB_N.n  RoB_O.n  WholeBrain_C.n  WholeBrain_N.n  WholeBrain_O.n  CerebralCortex_I.p.C  OlfactoryBulb_Mass.g  OlfactoryBulb_N.n  OlfactoryBulb_O.n
  6   8  Body_Mass.g  Cerebellum_Mass.g  Cerebellum_N.n  Cerebellum_O.n  CerebralCortex_Mass.g  CerebralCortex_N.n  CerebralCortex_O.n  RoB_Mass.g  RoB_N.n  RoB_O.n  WholeBrain_C.n  WholeBrain_N.n  WholeBrain_O.n  CerebralCortex_I.p.C  OlfactoryBulb_Mass.g  OlfactoryBulb_N.n  OlfactoryBulb_O.n
  6   9  Body_Mass.g  Cerebellum_Mass.g  Cerebellum_N.n  Cerebellum_O.n  CerebralCortex_Mass.g  CerebralCortex_N.n  CerebralCortex_O.n  RoB_Mass.g  RoB_N.n  RoB_O.n  WholeBrain_C.n  WholeBrain_N.n  WholeBrain_O.n  CerebralCortex_I.p.C  OlfactoryBulb_Mass.g  OlfactoryBulb_N.n  OlfactoryBulb_O.n
  6   10  Body_Mass.g  Cerebellum_Mass.g  Cerebellum_N.n  Cerebellum_O.n  CerebralCortex_Mass.g  CerebralCortex_N.n  CerebralCortex_O.n  RoB_Mass.g  RoB_N.n  RoB_O.n  WholeBrain_C.n  WholeBrain_N.n  WholeBrain_O.n  CerebralCortex_I.p.C  OlfactoryBulb_Mass.g  OlfactoryBulb_N.n  OlfactoryBulb_O.n
  6   11  Body_Mass.g  Cerebellum_Mass.g  Cerebellum_N.n  Cerebellum_O.n  CerebralCortex_Mass.g  CerebralCortex_N.n  CerebralCortex_O.n  RoB_Mass.g  RoB_N.n  RoB_O.n  WholeBrain_C.n  WholeBrain_N.n  WholeBrain_O.n  CerebralCortex_I.p.C  OlfactoryBulb_Mass.g  OlfactoryBulb_N.n  OlfactoryBulb_O.n
  6   12  Body_Mass.g  Cerebellum_Mass.g  Cerebellum_N.n  Cerebellum_O.n  CerebralCortex_Mass.g  CerebralCortex_N.n  CerebralCortex_O.n  RoB_Mass.g  RoB_N.n  RoB_O.n  WholeBrain_C.n  WholeBrain_N.n  WholeBrain_O.n  CerebralCortex_I.p.C  OlfactoryBulb_Mass.g  OlfactoryBulb_N.n  OlfactoryBulb_O.n
  6   13  Body_Mass.g  Cerebellum_Mass.g  Cerebellum_N.n  Cerebellum_O.n  CerebralCortex_Mass.g  CerebralCortex_N.n  CerebralCortex_O.n  RoB_Mass.g  RoB_N.n  RoB_O.n  WholeBrain_C.n  WholeBrain_N.n  WholeBrain_O.n  CerebralCortex_I.p.C  OlfactoryBulb_Mass.g  OlfactoryBulb_N.n  OlfactoryBulb_O.n
  6   14  Body_Mass.g  Cerebellum_Mass.g  Cerebellum_N.n  Cerebellum_O.n  CerebralCortex_Mass.g  CerebralCortex_N.n  CerebralCortex_O.n  RoB_Mass.g  RoB_N.n  RoB_O.n  WholeBrain_C.n  WholeBrain_N.n  WholeBrain_O.n  CerebralCortex_I.p.C  OlfactoryBulb_Mass.g  OlfactoryBulb_N.n  OlfactoryBulb_O.n
  6   15  Body_Mass.g  Cerebellum_Mass.g  Cerebellum_N.n  Cerebellum_O.n  CerebralCortex_Mass.g  CerebralCortex_N.n  CerebralCortex_O.n  RoB_Mass.g  RoB_N.n  RoB_O.n  WholeBrain_C.n  WholeBrain_N.n  WholeBrain_O.n  CerebralCortex_I.p.C  OlfactoryBulb_Mass.g  OlfactoryBulb_N.n  OlfactoryBulb_O.n
  6   16  Body_Mass.g  Cerebellum_Mass.g  Cerebellum_N.n  Cerebellum_O.n  CerebralCortex_Mass.g  CerebralCortex_N.n  CerebralCortex_O.n  RoB_Mass.g  RoB_N.n  RoB_O.n  WholeBrain_C.n  WholeBrain_N.n  WholeBrain_O.n  CerebralCortex_I.p.C  OlfactoryBulb_Mass.g  OlfactoryBulb_N.n  OlfactoryBulb_O.n
  6   17  Body_Mass.g  Cerebellum_Mass.g  Cerebellum_N.n  Cerebellum_O.n  CerebralCortex_Mass.g  CerebralCortex_N.n  CerebralCortex_O.n  RoB_Mass.g  RoB_N.n  RoB_O.n  WholeBrain_C.n  WholeBrain_N.n  WholeBrain_O.n  CerebralCortex_I.p.C  OlfactoryBulb_Mass.g  OlfactoryBulb_N.n  OlfactoryBulb_O.n
  6   18  Body_Mass.g  Cerebellum_Mass.g  Cerebellum_N.n  Cerebellum_O.n  CerebralCortex_Mass.g  CerebralCortex_N.n  CerebralCortex_O.n  RoB_Mass.g  RoB_N.n  RoB_O.n  WholeBrain_C.n  WholeBrain_N.n  WholeBrain_O.n  CerebralCortex_I.p.C  OlfactoryBulb_Mass.g  OlfactoryBulb_N.n  OlfactoryBulb_O.n
  6   19  Body_Mass.g  Cerebellum_Mass.g  Cerebellum_N.n  Cerebellum_O.n  CerebralCortex_Mass.g  CerebralCortex_N.n  CerebralCortex_O.n  RoB_Mass.g  RoB_N.n  RoB_O.n  WholeBrain_C.n  WholeBrain_N.n  WholeBrain_O.n  CerebralCortex_I.p.C  OlfactoryBulb_Mass.g  OlfactoryBulb_N.n  OlfactoryBulb_O.n
  6   20  Body_Mass.g  Cerebellum_Mass.g  Cerebellum_N.n  Cerebellum_O.n  CerebralCortex_Mass.g  CerebralCortex_N.n  CerebralCortex_O.n  RoB_Mass.g  RoB_N.n  RoB_O.n  WholeBrain_C.n  WholeBrain_N.n  WholeBrain_O.n  CerebralCortex_I.p.C  OlfactoryBulb_Mass.g  OlfactoryBulb_N.n  OlfactoryBulb_O.n
  6   21  Body_Mass.g  Cerebellum_Mass.g  Cerebellum_N.n  Cerebellum_O.n  CerebralCortex_Mass.g  CerebralCortex_N.n  CerebralCortex_O.n  RoB_Mass.g  RoB_N.n  RoB_O.n  WholeBrain_C.n  WholeBrain_N.n  WholeBrain_O.n  CerebralCortex_I.p.C  OlfactoryBulb_Mass.g  OlfactoryBulb_N.n  OlfactoryBulb_O.n
  6   22  Body_Mass.g  Cerebellum_Mass.g  Cerebellum_N.n  Cerebellum_O.n  CerebralCortex_Mass.g  CerebralCortex_N.n  CerebralCortex_O.n  RoB_Mass.g  RoB_N.n  RoB_O.n  WholeBrain_C.n  WholeBrain_N.n  WholeBrain_O.n  CerebralCortex_I.p.C  OlfactoryBulb_Mass.g  OlfactoryBulb_N.n  OlfactoryBulb_O.n
  6   23  Body_Mass.g  Cerebellum_Mass.g  Cerebellum_N.n  Cerebellum_O.n  CerebralCortex_Mass.g  CerebralCortex_N.n  CerebralCortex_O.n  RoB_Mass.g  RoB_N.n  RoB_O.n  WholeBrain_C.n  WholeBrain_N.n  WholeBrain_O.n  CerebralCortex_I.p.C  OlfactoryBulb_Mass.g  OlfactoryBulb_N.n  OlfactoryBulb_O.n
  6   24  Body_Mass.g  Cerebellum_Mass.g  Cerebellum_N.n  Cerebellum_O.n  CerebralCortex_Mass.g  CerebralCortex_N.n  CerebralCortex_O.n  RoB_Mass.g  RoB_N.n  RoB_O.n  WholeBrain_C.n  WholeBrain_N.n  WholeBrain_O.n  CerebralCortex_I.p.C  OlfactoryBulb_Mass.g  OlfactoryBulb_N.n  OlfactoryBulb_O.n
  6   25  Body_Mass.g  Cerebellum_Mass.g  Cerebellum_N.n  Cerebellum_O.n  CerebralCortex_Mass.g  CerebralCortex_N.n  CerebralCortex_O.n  RoB_Mass.g  RoB_N.n  RoB_O.n  WholeBrain_C.n  WholeBrain_N.n  WholeBrain_O.n  CerebralCortex_I.p.C  OlfactoryBulb_Mass.g  OlfactoryBulb_N.n  OlfactoryBulb_O.n
  6   26  Body_Mass.g  Cerebellum_Mass.g  Cerebellum_N.n  Cerebellum_O.n  CerebralCortex_Mass.g  CerebralCortex_N.n  CerebralCortex_O.n  RoB_Mass.g  RoB_N.n  RoB_O.n  WholeBrain_C.n  WholeBrain_N.n  WholeBrain_O.n  CerebralCortex_I.p.C  OlfactoryBulb_Mass.g  OlfactoryBulb_N.n  OlfactoryBulb_O.n
  6   27  Body_Mass.g  Cerebellum_Mass.g  Cerebellum_N.n  Cerebellum_O.n  CerebralCortex_Mass.g  CerebralCortex_N.n  CerebralCortex_O.n  RoB_Mass.g  RoB_N.n  RoB_O.n  WholeBrain_C.n  WholeBrain_N.n  WholeBrain_O.n  CerebralCortex_I.p.C  OlfactoryBulb_Mass.g  OlfactoryBulb_N.n  OlfactoryBulb_O.n
  6   28  Body_Mass.g  Cerebellum_Mass.g  Cerebellum_N.n  Cerebellum_O.n  CerebralCortex_Mass.g  CerebralCortex_N.n  CerebralCortex_O.n  RoB_Mass.g  RoB_N.n  RoB_O.n  WholeBrain_C.n  WholeBrain_N.n  WholeBrain_O.n  CerebralCortex_I.p.C  OlfactoryBulb_Mass.g  OlfactoryBulb_N.n  OlfactoryBulb_O.n
  6   29  Body_Mass.g  Cerebellum_Mass.g  Cerebellum_N.n  Cerebellum_O.n  CerebralCortex_Mass.g  CerebralCortex_N.n  CerebralCortex_O.n  RoB_Mass.g  RoB_N.n  RoB_O.n  WholeBrain_C.n  WholeBrain_N.n  WholeBrain_O.n  CerebralCortex_I.p.C  OlfactoryBulb_Mass.g  OlfactoryBulb_N.n  OlfactoryBulb_O.n
  6   30  Body_Mass.g  Cerebellum_Mass.g  Cerebellum_N.n  Cerebellum_O.n  CerebralCortex_Mass.g  CerebralCortex_N.n  CerebralCortex_O.n  RoB_Mass.g  RoB_N.n  RoB_O.n  WholeBrain_C.n  WholeBrain_N.n  WholeBrain_O.n  CerebralCortex_I.p.C  OlfactoryBulb_Mass.g  OlfactoryBulb_N.n  OlfactoryBulb_O.n
  7   1  Body_Mass.g  Cerebellum_Mass.g  Cerebellum_N.n  Cerebellum_O.n  CerebralCortex_Mass.g  CerebralCortex_N.n  CerebralCortex_O.n  RoB_Mass.g  RoB_N.n  RoB_O.n  WholeBrain_C.n  WholeBrain_N.n  WholeBrain_O.n  CerebralCortex_I.p.C  OlfactoryBulb_Mass.g  OlfactoryBulb_N.n  OlfactoryBulb_O.n
  7   2  Body_Mass.g  Cerebellum_Mass.g  Cerebellum_N.n  Cerebellum_O.n  CerebralCortex_Mass.g  CerebralCortex_N.n  CerebralCortex_O.n  RoB_Mass.g  RoB_N.n  RoB_O.n  WholeBrain_C.n  WholeBrain_N.n  WholeBrain_O.n  CerebralCortex_I.p.C  OlfactoryBulb_Mass.g  OlfactoryBulb_N.n  OlfactoryBulb_O.n
  7   3  Body_Mass.g  Cerebellum_Mass.g  Cerebellum_N.n  Cerebellum_O.n  CerebralCortex_Mass.g  CerebralCortex_N.n  CerebralCortex_O.n  RoB_Mass.g  RoB_N.n  RoB_O.n  WholeBrain_C.n  WholeBrain_N.n  WholeBrain_O.n  CerebralCortex_I.p.C  OlfactoryBulb_Mass.g  OlfactoryBulb_N.n  OlfactoryBulb_O.n
  7   4  Body_Mass.g  Cerebellum_Mass.g  Cerebellum_N.n  Cerebellum_O.n  CerebralCortex_Mass.g  CerebralCortex_N.n  CerebralCortex_O.n  RoB_Mass.g  RoB_N.n  RoB_O.n  WholeBrain_C.n  WholeBrain_N.n  WholeBrain_O.n  CerebralCortex_I.p.C  OlfactoryBulb_Mass.g  OlfactoryBulb_N.n  OlfactoryBulb_O.n
  7   5  Body_Mass.g  Cerebellum_Mass.g  Cerebellum_N.n  Cerebellum_O.n  CerebralCortex_Mass.g  CerebralCortex_N.n  CerebralCortex_O.n  RoB_Mass.g  RoB_N.n  RoB_O.n  WholeBrain_C.n  WholeBrain_N.n  WholeBrain_O.n  CerebralCortex_I.p.C  OlfactoryBulb_Mass.g  OlfactoryBulb_N.n  OlfactoryBulb_O.n
  7   6  Body_Mass.g  Cerebellum_Mass.g  Cerebellum_N.n  Cerebellum_O.n  CerebralCortex_Mass.g  CerebralCortex_N.n  CerebralCortex_O.n  RoB_Mass.g  RoB_N.n  RoB_O.n  WholeBrain_C.n  WholeBrain_N.n  WholeBrain_O.n  CerebralCortex_I.p.C  OlfactoryBulb_Mass.g  OlfactoryBulb_N.n  OlfactoryBulb_O.n
  7   7  Body_Mass.g  Cerebellum_Mass.g  Cerebellum_N.n  Cerebellum_O.n  CerebralCortex_Mass.g  CerebralCortex_N.n  CerebralCortex_O.n  RoB_Mass.g  RoB_N.n  RoB_O.n  WholeBrain_C.n  WholeBrain_N.n  WholeBrain_O.n  CerebralCortex_I.p.C  OlfactoryBulb_Mass.g  OlfactoryBulb_N.n  OlfactoryBulb_O.n
  7   8  Body_Mass.g  Cerebellum_Mass.g  Cerebellum_N.n  Cerebellum_O.n  CerebralCortex_Mass.g  CerebralCortex_N.n  CerebralCortex_O.n  RoB_Mass.g  RoB_N.n  RoB_O.n  WholeBrain_C.n  WholeBrain_N.n  WholeBrain_O.n  CerebralCortex_I.p.C  OlfactoryBulb_Mass.g  OlfactoryBulb_N.n  OlfactoryBulb_O.n
  7   9  Body_Mass.g  Cerebellum_Mass.g  Cerebellum_N.n  Cerebellum_O.n  CerebralCortex_Mass.g  CerebralCortex_N.n  CerebralCortex_O.n  RoB_Mass.g  RoB_N.n  RoB_O.n  WholeBrain_C.n  WholeBrain_N.n  WholeBrain_O.n  CerebralCortex_I.p.C  OlfactoryBulb_Mass.g  OlfactoryBulb_N.n  OlfactoryBulb_O.n
  7   10  Body_Mass.g  Cerebellum_Mass.g  Cerebellum_N.n  Cerebellum_O.n  CerebralCortex_Mass.g  CerebralCortex_N.n  CerebralCortex_O.n  RoB_Mass.g  RoB_N.n  RoB_O.n  WholeBrain_C.n  WholeBrain_N.n  WholeBrain_O.n  CerebralCortex_I.p.C  OlfactoryBulb_Mass.g  OlfactoryBulb_N.n  OlfactoryBulb_O.n
  7   11  Body_Mass.g  Cerebellum_Mass.g  Cerebellum_N.n  Cerebellum_O.n  CerebralCortex_Mass.g  CerebralCortex_N.n  CerebralCortex_O.n  RoB_Mass.g  RoB_N.n  RoB_O.n  WholeBrain_C.n  WholeBrain_N.n  WholeBrain_O.n  CerebralCortex_I.p.C  OlfactoryBulb_Mass.g  OlfactoryBulb_N.n  OlfactoryBulb_O.n
  7   12  Body_Mass.g  Cerebellum_Mass.g  Cerebellum_N.n  Cerebellum_O.n  CerebralCortex_Mass.g  CerebralCortex_N.n  CerebralCortex_O.n  RoB_Mass.g  RoB_N.n  RoB_O.n  WholeBrain_C.n  WholeBrain_N.n  WholeBrain_O.n  CerebralCortex_I.p.C  OlfactoryBulb_Mass.g  OlfactoryBulb_N.n  OlfactoryBulb_O.n
  7   13  Body_Mass.g  Cerebellum_Mass.g  Cerebellum_N.n  Cerebellum_O.n  CerebralCortex_Mass.g  CerebralCortex_N.n  CerebralCortex_O.n  RoB_Mass.g  RoB_N.n  RoB_O.n  WholeBrain_C.n  WholeBrain_N.n  WholeBrain_O.n  CerebralCortex_I.p.C  OlfactoryBulb_Mass.g  OlfactoryBulb_N.n  OlfactoryBulb_O.n
  7   14  Body_Mass.g  Cerebellum_Mass.g  Cerebellum_N.n  Cerebellum_O.n  CerebralCortex_Mass.g  CerebralCortex_N.n  CerebralCortex_O.n  RoB_Mass.g  RoB_N.n  RoB_O.n  WholeBrain_C.n  WholeBrain_N.n  WholeBrain_O.n  CerebralCortex_I.p.C  OlfactoryBulb_Mass.g  OlfactoryBulb_N.n  OlfactoryBulb_O.n
  7   15  Body_Mass.g  Cerebellum_Mass.g  Cerebellum_N.n  Cerebellum_O.n  CerebralCortex_Mass.g  CerebralCortex_N.n  CerebralCortex_O.n  RoB_Mass.g  RoB_N.n  RoB_O.n  WholeBrain_C.n  WholeBrain_N.n  WholeBrain_O.n  CerebralCortex_I.p.C  OlfactoryBulb_Mass.g  OlfactoryBulb_N.n  OlfactoryBulb_O.n
  7   16  Body_Mass.g  Cerebellum_Mass.g  Cerebellum_N.n  Cerebellum_O.n  CerebralCortex_Mass.g  CerebralCortex_N.n  CerebralCortex_O.n  RoB_Mass.g  RoB_N.n  RoB_O.n  WholeBrain_C.n  WholeBrain_N.n  WholeBrain_O.n  CerebralCortex_I.p.C  OlfactoryBulb_Mass.g  OlfactoryBulb_N.n  OlfactoryBulb_O.n
  7   17  Body_Mass.g  Cerebellum_Mass.g  Cerebellum_N.n  Cerebellum_O.n  CerebralCortex_Mass.g  CerebralCortex_N.n  CerebralCortex_O.n  RoB_Mass.g  RoB_N.n  RoB_O.n  WholeBrain_C.n  WholeBrain_N.n  WholeBrain_O.n  CerebralCortex_I.p.C  OlfactoryBulb_Mass.g  OlfactoryBulb_N.n  OlfactoryBulb_O.n
  7   18  Body_Mass.g  Cerebellum_Mass.g  Cerebellum_N.n  Cerebellum_O.n  CerebralCortex_Mass.g  CerebralCortex_N.n  CerebralCortex_O.n  RoB_Mass.g  RoB_N.n  RoB_O.n  WholeBrain_C.n  WholeBrain_N.n  WholeBrain_O.n  CerebralCortex_I.p.C  OlfactoryBulb_Mass.g  OlfactoryBulb_N.n  OlfactoryBulb_O.n
  7   19  Body_Mass.g  Cerebellum_Mass.g  Cerebellum_N.n  Cerebellum_O.n  CerebralCortex_Mass.g  CerebralCortex_N.n  CerebralCortex_O.n  RoB_Mass.g  RoB_N.n  RoB_O.n  WholeBrain_C.n  WholeBrain_N.n  WholeBrain_O.n  CerebralCortex_I.p.C  OlfactoryBulb_Mass.g  OlfactoryBulb_N.n  OlfactoryBulb_O.n
  7   20  Body_Mass.g  Cerebellum_Mass.g  Cerebellum_N.n  Cerebellum_O.n  CerebralCortex_Mass.g  CerebralCortex_N.n  CerebralCortex_O.n  RoB_Mass.g  RoB_N.n  RoB_O.n  WholeBrain_C.n  WholeBrain_N.n  WholeBrain_O.n  CerebralCortex_I.p.C  OlfactoryBulb_Mass.g  OlfactoryBulb_N.n  OlfactoryBulb_O.n
  7   21  Body_Mass.g  Cerebellum_Mass.g  Cerebellum_N.n  Cerebellum_O.n  CerebralCortex_Mass.g  CerebralCortex_N.n  CerebralCortex_O.n  RoB_Mass.g  RoB_N.n  RoB_O.n  WholeBrain_C.n  WholeBrain_N.n  WholeBrain_O.n  CerebralCortex_I.p.C  OlfactoryBulb_Mass.g  OlfactoryBulb_N.n  OlfactoryBulb_O.n
  7   22  Body_Mass.g  Cerebellum_Mass.g  Cerebellum_N.n  Cerebellum_O.n  CerebralCortex_Mass.g  CerebralCortex_N.n  CerebralCortex_O.n  RoB_Mass.g  RoB_N.n  RoB_O.n  WholeBrain_C.n  WholeBrain_N.n  WholeBrain_O.n  CerebralCortex_I.p.C  OlfactoryBulb_Mass.g  OlfactoryBulb_N.n  OlfactoryBulb_O.n
  7   23  Body_Mass.g  Cerebellum_Mass.g  Cerebellum_N.n  Cerebellum_O.n  CerebralCortex_Mass.g  CerebralCortex_N.n  CerebralCortex_O.n  RoB_Mass.g  RoB_N.n  RoB_O.n  WholeBrain_C.n  WholeBrain_N.n  WholeBrain_O.n  CerebralCortex_I.p.C  OlfactoryBulb_Mass.g  OlfactoryBulb_N.n  OlfactoryBulb_O.n
  7   24  Body_Mass.g  Cerebellum_Mass.g  Cerebellum_N.n  Cerebellum_O.n  CerebralCortex_Mass.g  CerebralCortex_N.n  CerebralCortex_O.n  RoB_Mass.g  RoB_N.n  RoB_O.n  WholeBrain_C.n  WholeBrain_N.n  WholeBrain_O.n  CerebralCortex_I.p.C  OlfactoryBulb_Mass.g  OlfactoryBulb_N.n  OlfactoryBulb_O.n
  7   25  Body_Mass.g  Cerebellum_Mass.g  Cerebellum_N.n  Cerebellum_O.n  CerebralCortex_Mass.g  CerebralCortex_N.n  CerebralCortex_O.n  RoB_Mass.g  RoB_N.n  RoB_O.n  WholeBrain_C.n  WholeBrain_N.n  WholeBrain_O.n  CerebralCortex_I.p.C  OlfactoryBulb_Mass.g  OlfactoryBulb_N.n  OlfactoryBulb_O.n
  7   26  Body_Mass.g  Cerebellum_Mass.g  Cerebellum_N.n  Cerebellum_O.n  CerebralCortex_Mass.g  CerebralCortex_N.n  CerebralCortex_O.n  RoB_Mass.g  RoB_N.n  RoB_O.n  WholeBrain_C.n  WholeBrain_N.n  WholeBrain_O.n  CerebralCortex_I.p.C  OlfactoryBulb_Mass.g  OlfactoryBulb_N.n  OlfactoryBulb_O.n
  7   27  Body_Mass.g  Cerebellum_Mass.g  Cerebellum_N.n  Cerebellum_O.n  CerebralCortex_Mass.g  CerebralCortex_N.n  CerebralCortex_O.n  RoB_Mass.g  RoB_N.n  RoB_O.n  WholeBrain_C.n  WholeBrain_N.n  WholeBrain_O.n  CerebralCortex_I.p.C  OlfactoryBulb_Mass.g  OlfactoryBulb_N.n  OlfactoryBulb_O.n
  7   28  Body_Mass.g  Cerebellum_Mass.g  Cerebellum_N.n  Cerebellum_O.n  CerebralCortex_Mass.g  CerebralCortex_N.n  CerebralCortex_O.n  RoB_Mass.g  RoB_N.n  RoB_O.n  WholeBrain_C.n  WholeBrain_N.n  WholeBrain_O.n  CerebralCortex_I.p.C  OlfactoryBulb_Mass.g  OlfactoryBulb_N.n  OlfactoryBulb_O.n
  7   29  Body_Mass.g  Cerebellum_Mass.g  Cerebellum_N.n  Cerebellum_O.n  CerebralCortex_Mass.g  CerebralCortex_N.n  CerebralCortex_O.n  RoB_Mass.g  RoB_N.n  RoB_O.n  WholeBrain_C.n  WholeBrain_N.n  WholeBrain_O.n  CerebralCortex_I.p.C  OlfactoryBulb_Mass.g  OlfactoryBulb_N.n  OlfactoryBulb_O.n
  7   30  Body_Mass.g  Cerebellum_Mass.g  Cerebellum_N.n  Cerebellum_O.n  CerebralCortex_Mass.g  CerebralCortex_N.n  CerebralCortex_O.n  RoB_Mass.g  RoB_N.n  RoB_O.n  WholeBrain_C.n  WholeBrain_N.n  WholeBrain_O.n  CerebralCortex_I.p.C  OlfactoryBulb_Mass.g  OlfactoryBulb_N.n  OlfactoryBulb_O.n
  8   1  Body_Mass.g  Cerebellum_Mass.g  Cerebellum_N.n  Cerebellum_O.n  CerebralCortex_Mass.g  CerebralCortex_N.n  CerebralCortex_O.n  RoB_Mass.g  RoB_N.n  RoB_O.n  WholeBrain_C.n  WholeBrain_N.n  WholeBrain_O.n  CerebralCortex_I.p.C  OlfactoryBulb_Mass.g  OlfactoryBulb_N.n  OlfactoryBulb_O.n
  8   2  Body_Mass.g  Cerebellum_Mass.g  Cerebellum_N.n  Cerebellum_O.n  CerebralCortex_Mass.g  CerebralCortex_N.n  CerebralCortex_O.n  RoB_Mass.g  RoB_N.n  RoB_O.n  WholeBrain_C.n  WholeBrain_N.n  WholeBrain_O.n  CerebralCortex_I.p.C  OlfactoryBulb_Mass.g  OlfactoryBulb_N.n  OlfactoryBulb_O.n
  8   3  Body_Mass.g  Cerebellum_Mass.g  Cerebellum_N.n  Cerebellum_O.n  CerebralCortex_Mass.g  CerebralCortex_N.n  CerebralCortex_O.n  RoB_Mass.g  RoB_N.n  RoB_O.n  WholeBrain_C.n  WholeBrain_N.n  WholeBrain_O.n  CerebralCortex_I.p.C  OlfactoryBulb_Mass.g  OlfactoryBulb_N.n  OlfactoryBulb_O.n
  8   4  Body_Mass.g  Cerebellum_Mass.g  Cerebellum_N.n  Cerebellum_O.n  CerebralCortex_Mass.g  CerebralCortex_N.n  CerebralCortex_O.n  RoB_Mass.g  RoB_N.n  RoB_O.n  WholeBrain_C.n  WholeBrain_N.n  WholeBrain_O.n  CerebralCortex_I.p.C  OlfactoryBulb_Mass.g  OlfactoryBulb_N.n  OlfactoryBulb_O.n
  8   5  Body_Mass.g  Cerebellum_Mass.g  Cerebellum_N.n  Cerebellum_O.n  CerebralCortex_Mass.g  CerebralCortex_N.n  CerebralCortex_O.n  RoB_Mass.g  RoB_N.n  RoB_O.n  WholeBrain_C.n  WholeBrain_N.n  WholeBrain_O.n  CerebralCortex_I.p.C  OlfactoryBulb_Mass.g  OlfactoryBulb_N.n  OlfactoryBulb_O.n
  8   6  Body_Mass.g  Cerebellum_Mass.g  Cerebellum_N.n  Cerebellum_O.n  CerebralCortex_Mass.g  CerebralCortex_N.n  CerebralCortex_O.n  RoB_Mass.g  RoB_N.n  RoB_O.n  WholeBrain_C.n  WholeBrain_N.n  WholeBrain_O.n  CerebralCortex_I.p.C  OlfactoryBulb_Mass.g  OlfactoryBulb_N.n  OlfactoryBulb_O.n
  8   7  Body_Mass.g  Cerebellum_Mass.g  Cerebellum_N.n  Cerebellum_O.n  CerebralCortex_Mass.g  CerebralCortex_N.n  CerebralCortex_O.n  RoB_Mass.g  RoB_N.n  RoB_O.n  WholeBrain_C.n  WholeBrain_N.n  WholeBrain_O.n  CerebralCortex_I.p.C  OlfactoryBulb_Mass.g  OlfactoryBulb_N.n  OlfactoryBulb_O.n
  8   8  Body_Mass.g  Cerebellum_Mass.g  Cerebellum_N.n  Cerebellum_O.n  CerebralCortex_Mass.g  CerebralCortex_N.n  CerebralCortex_O.n  RoB_Mass.g  RoB_N.n  RoB_O.n  WholeBrain_C.n  WholeBrain_N.n  WholeBrain_O.n  CerebralCortex_I.p.C  OlfactoryBulb_Mass.g  OlfactoryBulb_N.n  OlfactoryBulb_O.n
  8   9  Body_Mass.g  Cerebellum_Mass.g  Cerebellum_N.n  Cerebellum_O.n  CerebralCortex_Mass.g  CerebralCortex_N.n  CerebralCortex_O.n  RoB_Mass.g  RoB_N.n  RoB_O.n  WholeBrain_C.n  WholeBrain_N.n  WholeBrain_O.n  CerebralCortex_I.p.C  OlfactoryBulb_Mass.g  OlfactoryBulb_N.n  OlfactoryBulb_O.n
  8   10  Body_Mass.g  Cerebellum_Mass.g  Cerebellum_N.n  Cerebellum_O.n  CerebralCortex_Mass.g  CerebralCortex_N.n  CerebralCortex_O.n  RoB_Mass.g  RoB_N.n  RoB_O.n  WholeBrain_C.n  WholeBrain_N.n  WholeBrain_O.n  CerebralCortex_I.p.C  OlfactoryBulb_Mass.g  OlfactoryBulb_N.n  OlfactoryBulb_O.n
  8   11  Body_Mass.g  Cerebellum_Mass.g  Cerebellum_N.n  Cerebellum_O.n  CerebralCortex_Mass.g  CerebralCortex_N.n  CerebralCortex_O.n  RoB_Mass.g  RoB_N.n  RoB_O.n  WholeBrain_C.n  WholeBrain_N.n  WholeBrain_O.n  CerebralCortex_I.p.C  OlfactoryBulb_Mass.g  OlfactoryBulb_N.n  OlfactoryBulb_O.n
  8   12  Body_Mass.g  Cerebellum_Mass.g  Cerebellum_N.n  Cerebellum_O.n  CerebralCortex_Mass.g  CerebralCortex_N.n  CerebralCortex_O.n  RoB_Mass.g  RoB_N.n  RoB_O.n  WholeBrain_C.n  WholeBrain_N.n  WholeBrain_O.n  CerebralCortex_I.p.C  OlfactoryBulb_Mass.g  OlfactoryBulb_N.n  OlfactoryBulb_O.n
  8   13  Body_Mass.g  Cerebellum_Mass.g  Cerebellum_N.n  Cerebellum_O.n  CerebralCortex_Mass.g  CerebralCortex_N.n  CerebralCortex_O.n  RoB_Mass.g  RoB_N.n  RoB_O.n  WholeBrain_C.n  WholeBrain_N.n  WholeBrain_O.n  CerebralCortex_I.p.C  OlfactoryBulb_Mass.g  OlfactoryBulb_N.n  OlfactoryBulb_O.n
  8   14  Body_Mass.g  Cerebellum_Mass.g  Cerebellum_N.n  Cerebellum_O.n  CerebralCortex_Mass.g  CerebralCortex_N.n  CerebralCortex_O.n  RoB_Mass.g  RoB_N.n  RoB_O.n  WholeBrain_C.n  WholeBrain_N.n  WholeBrain_O.n  CerebralCortex_I.p.C  OlfactoryBulb_Mass.g  OlfactoryBulb_N.n  OlfactoryBulb_O.n
  8   15  Body_Mass.g  Cerebellum_Mass.g  Cerebellum_N.n  Cerebellum_O.n  CerebralCortex_Mass.g  CerebralCortex_N.n  CerebralCortex_O.n  RoB_Mass.g  RoB_N.n  RoB_O.n  WholeBrain_C.n  WholeBrain_N.n  WholeBrain_O.n  CerebralCortex_I.p.C  OlfactoryBulb_Mass.g  OlfactoryBulb_N.n  OlfactoryBulb_O.n
  8   16  Body_Mass.g  Cerebellum_Mass.g  Cerebellum_N.n  Cerebellum_O.n  CerebralCortex_Mass.g  CerebralCortex_N.n  CerebralCortex_O.n  RoB_Mass.g  RoB_N.n  RoB_O.n  WholeBrain_C.n  WholeBrain_N.n  WholeBrain_O.n  CerebralCortex_I.p.C  OlfactoryBulb_Mass.g  OlfactoryBulb_N.n  OlfactoryBulb_O.n
  8   17  Body_Mass.g  Cerebellum_Mass.g  Cerebellum_N.n  Cerebellum_O.n  CerebralCortex_Mass.g  CerebralCortex_N.n  CerebralCortex_O.n  RoB_Mass.g  RoB_N.n  RoB_O.n  WholeBrain_C.n  WholeBrain_N.n  WholeBrain_O.n  CerebralCortex_I.p.C  OlfactoryBulb_Mass.g  OlfactoryBulb_N.n  OlfactoryBulb_O.n
  8   18  Body_Mass.g  Cerebellum_Mass.g  Cerebellum_N.n  Cerebellum_O.n  CerebralCortex_Mass.g  CerebralCortex_N.n  CerebralCortex_O.n  RoB_Mass.g  RoB_N.n  RoB_O.n  WholeBrain_C.n  WholeBrain_N.n  WholeBrain_O.n  CerebralCortex_I.p.C  OlfactoryBulb_Mass.g  OlfactoryBulb_N.n  OlfactoryBulb_O.n
  8   19  Body_Mass.g  Cerebellum_Mass.g  Cerebellum_N.n  Cerebellum_O.n  CerebralCortex_Mass.g  CerebralCortex_N.n  CerebralCortex_O.n  RoB_Mass.g  RoB_N.n  RoB_O.n  WholeBrain_C.n  WholeBrain_N.n  WholeBrain_O.n  CerebralCortex_I.p.C  OlfactoryBulb_Mass.g  OlfactoryBulb_N.n  OlfactoryBulb_O.n
  8   20  Body_Mass.g  Cerebellum_Mass.g  Cerebellum_N.n  Cerebellum_O.n  CerebralCortex_Mass.g  CerebralCortex_N.n  CerebralCortex_O.n  RoB_Mass.g  RoB_N.n  RoB_O.n  WholeBrain_C.n  WholeBrain_N.n  WholeBrain_O.n  CerebralCortex_I.p.C  OlfactoryBulb_Mass.g  OlfactoryBulb_N.n  OlfactoryBulb_O.n
  8   21  Body_Mass.g  Cerebellum_Mass.g  Cerebellum_N.n  Cerebellum_O.n  CerebralCortex_Mass.g  CerebralCortex_N.n  CerebralCortex_O.n  RoB_Mass.g  RoB_N.n  RoB_O.n  WholeBrain_C.n  WholeBrain_N.n  WholeBrain_O.n  CerebralCortex_I.p.C  OlfactoryBulb_Mass.g  OlfactoryBulb_N.n  OlfactoryBulb_O.n
  8   22  Body_Mass.g  Cerebellum_Mass.g  Cerebellum_N.n  Cerebellum_O.n  CerebralCortex_Mass.g  CerebralCortex_N.n  CerebralCortex_O.n  RoB_Mass.g  RoB_N.n  RoB_O.n  WholeBrain_C.n  WholeBrain_N.n  WholeBrain_O.n  CerebralCortex_I.p.C  OlfactoryBulb_Mass.g  OlfactoryBulb_N.n  OlfactoryBulb_O.n
  8   23  Body_Mass.g  Cerebellum_Mass.g  Cerebellum_N.n  Cerebellum_O.n  CerebralCortex_Mass.g  CerebralCortex_N.n  CerebralCortex_O.n  RoB_Mass.g  RoB_N.n  RoB_O.n  WholeBrain_C.n  WholeBrain_N.n  WholeBrain_O.n  CerebralCortex_I.p.C  OlfactoryBulb_Mass.g  OlfactoryBulb_N.n  OlfactoryBulb_O.n
  8   24  Body_Mass.g  Cerebellum_Mass.g  Cerebellum_N.n  Cerebellum_O.n  CerebralCortex_Mass.g  CerebralCortex_N.n  CerebralCortex_O.n  RoB_Mass.g  RoB_N.n  RoB_O.n  WholeBrain_C.n  WholeBrain_N.n  WholeBrain_O.n  CerebralCortex_I.p.C  OlfactoryBulb_Mass.g  OlfactoryBulb_N.n  OlfactoryBulb_O.n
  8   25  Body_Mass.g  Cerebellum_Mass.g  Cerebellum_N.n  Cerebellum_O.n  CerebralCortex_Mass.g  CerebralCortex_N.n  CerebralCortex_O.n  RoB_Mass.g  RoB_N.n  RoB_O.n  WholeBrain_C.n  WholeBrain_N.n  WholeBrain_O.n  CerebralCortex_I.p.C  OlfactoryBulb_Mass.g  OlfactoryBulb_N.n  OlfactoryBulb_O.n
  8   26  Body_Mass.g  Cerebellum_Mass.g  Cerebellum_N.n  Cerebellum_O.n  CerebralCortex_Mass.g  CerebralCortex_N.n  CerebralCortex_O.n  RoB_Mass.g  RoB_N.n  RoB_O.n  WholeBrain_C.n  WholeBrain_N.n  WholeBrain_O.n  CerebralCortex_I.p.C  OlfactoryBulb_Mass.g  OlfactoryBulb_N.n  OlfactoryBulb_O.n
  8   27  Body_Mass.g  Cerebellum_Mass.g  Cerebellum_N.n  Cerebellum_O.n  CerebralCortex_Mass.g  CerebralCortex_N.n  CerebralCortex_O.n  RoB_Mass.g  RoB_N.n  RoB_O.n  WholeBrain_C.n  WholeBrain_N.n  WholeBrain_O.n  CerebralCortex_I.p.C  OlfactoryBulb_Mass.g  OlfactoryBulb_N.n  OlfactoryBulb_O.n
  8   28  Body_Mass.g  Cerebellum_Mass.g  Cerebellum_N.n  Cerebellum_O.n  CerebralCortex_Mass.g  CerebralCortex_N.n  CerebralCortex_O.n  RoB_Mass.g  RoB_N.n  RoB_O.n  WholeBrain_C.n  WholeBrain_N.n  WholeBrain_O.n  CerebralCortex_I.p.C  OlfactoryBulb_Mass.g  OlfactoryBulb_N.n  OlfactoryBulb_O.n
  8   29  Body_Mass.g  Cerebellum_Mass.g  Cerebellum_N.n  Cerebellum_O.n  CerebralCortex_Mass.g  CerebralCortex_N.n  CerebralCortex_O.n  RoB_Mass.g  RoB_N.n  RoB_O.n  WholeBrain_C.n  WholeBrain_N.n  WholeBrain_O.n  CerebralCortex_I.p.C  OlfactoryBulb_Mass.g  OlfactoryBulb_N.n  OlfactoryBulb_O.n
  8   30  Body_Mass.g  Cerebellum_Mass.g  Cerebellum_N.n  Cerebellum_O.n  CerebralCortex_Mass.g  CerebralCortex_N.n  CerebralCortex_O.n  RoB_Mass.g  RoB_N.n  RoB_O.n  WholeBrain_C.n  WholeBrain_N.n  WholeBrain_O.n  CerebralCortex_I.p.C  OlfactoryBulb_Mass.g  OlfactoryBulb_N.n  OlfactoryBulb_O.n
  9   1  Body_Mass.g  Cerebellum_Mass.g  Cerebellum_N.n  Cerebellum_O.n  CerebralCortex_Mass.g  CerebralCortex_N.n  CerebralCortex_O.n  RoB_Mass.g  RoB_N.n  RoB_O.n  WholeBrain_C.n  WholeBrain_N.n  WholeBrain_O.n  CerebralCortex_I.p.C  OlfactoryBulb_Mass.g  OlfactoryBulb_N.n  OlfactoryBulb_O.n
  9   2  Body_Mass.g  Cerebellum_Mass.g  Cerebellum_N.n  Cerebellum_O.n  CerebralCortex_Mass.g  CerebralCortex_N.n  CerebralCortex_O.n  RoB_Mass.g  RoB_N.n  RoB_O.n  WholeBrain_C.n  WholeBrain_N.n  WholeBrain_O.n  CerebralCortex_I.p.C  OlfactoryBulb_Mass.g  OlfactoryBulb_N.n  OlfactoryBulb_O.n
  9   3  Body_Mass.g  Cerebellum_Mass.g  Cerebellum_N.n  Cerebellum_O.n  CerebralCortex_Mass.g  CerebralCortex_N.n  CerebralCortex_O.n  RoB_Mass.g  RoB_N.n  RoB_O.n  WholeBrain_C.n  WholeBrain_N.n  WholeBrain_O.n  CerebralCortex_I.p.C  OlfactoryBulb_Mass.g  OlfactoryBulb_N.n  OlfactoryBulb_O.n
  9   4  Body_Mass.g  Cerebellum_Mass.g  Cerebellum_N.n  Cerebellum_O.n  CerebralCortex_Mass.g  CerebralCortex_N.n  CerebralCortex_O.n  RoB_Mass.g  RoB_N.n  RoB_O.n  WholeBrain_C.n  WholeBrain_N.n  WholeBrain_O.n  CerebralCortex_I.p.C  OlfactoryBulb_Mass.g  OlfactoryBulb_N.n  OlfactoryBulb_O.n
  9   5  Body_Mass.g  Cerebellum_Mass.g  Cerebellum_N.n  Cerebellum_O.n  CerebralCortex_Mass.g  CerebralCortex_N.n  CerebralCortex_O.n  RoB_Mass.g  RoB_N.n  RoB_O.n  WholeBrain_C.n  WholeBrain_N.n  WholeBrain_O.n  CerebralCortex_I.p.C  OlfactoryBulb_Mass.g  OlfactoryBulb_N.n  OlfactoryBulb_O.n
  9   6  Body_Mass.g  Cerebellum_Mass.g  Cerebellum_N.n  Cerebellum_O.n  CerebralCortex_Mass.g  CerebralCortex_N.n  CerebralCortex_O.n  RoB_Mass.g  RoB_N.n  RoB_O.n  WholeBrain_C.n  WholeBrain_N.n  WholeBrain_O.n  CerebralCortex_I.p.C  OlfactoryBulb_Mass.g  OlfactoryBulb_N.n  OlfactoryBulb_O.n
  9   7  Body_Mass.g  Cerebellum_Mass.g  Cerebellum_N.n  Cerebellum_O.n  CerebralCortex_Mass.g  CerebralCortex_N.n  CerebralCortex_O.n  RoB_Mass.g  RoB_N.n  RoB_O.n  WholeBrain_C.n  WholeBrain_N.n  WholeBrain_O.n  CerebralCortex_I.p.C  OlfactoryBulb_Mass.g  OlfactoryBulb_N.n  OlfactoryBulb_O.n
  9   8  Body_Mass.g  Cerebellum_Mass.g  Cerebellum_N.n  Cerebellum_O.n  CerebralCortex_Mass.g  CerebralCortex_N.n  CerebralCortex_O.n  RoB_Mass.g  RoB_N.n  RoB_O.n  WholeBrain_C.n  WholeBrain_N.n  WholeBrain_O.n  CerebralCortex_I.p.C  OlfactoryBulb_Mass.g  OlfactoryBulb_N.n  OlfactoryBulb_O.n
  9   9  Body_Mass.g  Cerebellum_Mass.g  Cerebellum_N.n  Cerebellum_O.n  CerebralCortex_Mass.g  CerebralCortex_N.n  CerebralCortex_O.n  RoB_Mass.g  RoB_N.n  RoB_O.n  WholeBrain_C.n  WholeBrain_N.n  WholeBrain_O.n  CerebralCortex_I.p.C  OlfactoryBulb_Mass.g  OlfactoryBulb_N.n  OlfactoryBulb_O.n
  9   10  Body_Mass.g  Cerebellum_Mass.g  Cerebellum_N.n  Cerebellum_O.n  CerebralCortex_Mass.g  CerebralCortex_N.n  CerebralCortex_O.n  RoB_Mass.g  RoB_N.n  RoB_O.n  WholeBrain_C.n  WholeBrain_N.n  WholeBrain_O.n  CerebralCortex_I.p.C  OlfactoryBulb_Mass.g  OlfactoryBulb_N.n  OlfactoryBulb_O.n
  9   11  Body_Mass.g  Cerebellum_Mass.g  Cerebellum_N.n  Cerebellum_O.n  CerebralCortex_Mass.g  CerebralCortex_N.n  CerebralCortex_O.n  RoB_Mass.g  RoB_N.n  RoB_O.n  WholeBrain_C.n  WholeBrain_N.n  WholeBrain_O.n  CerebralCortex_I.p.C  OlfactoryBulb_Mass.g  OlfactoryBulb_N.n  OlfactoryBulb_O.n
  9   12  Body_Mass.g  Cerebellum_Mass.g  Cerebellum_N.n  Cerebellum_O.n  CerebralCortex_Mass.g  CerebralCortex_N.n  CerebralCortex_O.n  RoB_Mass.g  RoB_N.n  RoB_O.n  WholeBrain_C.n  WholeBrain_N.n  WholeBrain_O.n  CerebralCortex_I.p.C  OlfactoryBulb_Mass.g  OlfactoryBulb_N.n  OlfactoryBulb_O.n
  9   13  Body_Mass.g  Cerebellum_Mass.g  Cerebellum_N.n  Cerebellum_O.n  CerebralCortex_Mass.g  CerebralCortex_N.n  CerebralCortex_O.n  RoB_Mass.g  RoB_N.n  RoB_O.n  WholeBrain_C.n  WholeBrain_N.n  WholeBrain_O.n  CerebralCortex_I.p.C  OlfactoryBulb_Mass.g  OlfactoryBulb_N.n  OlfactoryBulb_O.n
  9   14  Body_Mass.g  Cerebellum_Mass.g  Cerebellum_N.n  Cerebellum_O.n  CerebralCortex_Mass.g  CerebralCortex_N.n  CerebralCortex_O.n  RoB_Mass.g  RoB_N.n  RoB_O.n  WholeBrain_C.n  WholeBrain_N.n  WholeBrain_O.n  CerebralCortex_I.p.C  OlfactoryBulb_Mass.g  OlfactoryBulb_N.n  OlfactoryBulb_O.n
  9   15  Body_Mass.g  Cerebellum_Mass.g  Cerebellum_N.n  Cerebellum_O.n  CerebralCortex_Mass.g  CerebralCortex_N.n  CerebralCortex_O.n  RoB_Mass.g  RoB_N.n  RoB_O.n  WholeBrain_C.n  WholeBrain_N.n  WholeBrain_O.n  CerebralCortex_I.p.C  OlfactoryBulb_Mass.g  OlfactoryBulb_N.n  OlfactoryBulb_O.n
  9   16  Body_Mass.g  Cerebellum_Mass.g  Cerebellum_N.n  Cerebellum_O.n  CerebralCortex_Mass.g  CerebralCortex_N.n  CerebralCortex_O.n  RoB_Mass.g  RoB_N.n  RoB_O.n  WholeBrain_C.n  WholeBrain_N.n  WholeBrain_O.n  CerebralCortex_I.p.C  OlfactoryBulb_Mass.g  OlfactoryBulb_N.n  OlfactoryBulb_O.n
  9   17  Body_Mass.g  Cerebellum_Mass.g  Cerebellum_N.n  Cerebellum_O.n  CerebralCortex_Mass.g  CerebralCortex_N.n  CerebralCortex_O.n  RoB_Mass.g  RoB_N.n  RoB_O.n  WholeBrain_C.n  WholeBrain_N.n  WholeBrain_O.n  CerebralCortex_I.p.C  OlfactoryBulb_Mass.g  OlfactoryBulb_N.n  OlfactoryBulb_O.n
  9   18  Body_Mass.g  Cerebellum_Mass.g  Cerebellum_N.n  Cerebellum_O.n  CerebralCortex_Mass.g  CerebralCortex_N.n  CerebralCortex_O.n  RoB_Mass.g  RoB_N.n  RoB_O.n  WholeBrain_C.n  WholeBrain_N.n  WholeBrain_O.n  CerebralCortex_I.p.C  OlfactoryBulb_Mass.g  OlfactoryBulb_N.n  OlfactoryBulb_O.n
  9   19  Body_Mass.g  Cerebellum_Mass.g  Cerebellum_N.n  Cerebellum_O.n  CerebralCortex_Mass.g  CerebralCortex_N.n  CerebralCortex_O.n  RoB_Mass.g  RoB_N.n  RoB_O.n  WholeBrain_C.n  WholeBrain_N.n  WholeBrain_O.n  CerebralCortex_I.p.C  OlfactoryBulb_Mass.g  OlfactoryBulb_N.n  OlfactoryBulb_O.n
  9   20  Body_Mass.g  Cerebellum_Mass.g  Cerebellum_N.n  Cerebellum_O.n  CerebralCortex_Mass.g  CerebralCortex_N.n  CerebralCortex_O.n  RoB_Mass.g  RoB_N.n  RoB_O.n  WholeBrain_C.n  WholeBrain_N.n  WholeBrain_O.n  CerebralCortex_I.p.C  OlfactoryBulb_Mass.g  OlfactoryBulb_N.n  OlfactoryBulb_O.n
  9   21  Body_Mass.g  Cerebellum_Mass.g  Cerebellum_N.n  Cerebellum_O.n  CerebralCortex_Mass.g  CerebralCortex_N.n  CerebralCortex_O.n  RoB_Mass.g  RoB_N.n  RoB_O.n  WholeBrain_C.n  WholeBrain_N.n  WholeBrain_O.n  CerebralCortex_I.p.C  OlfactoryBulb_Mass.g  OlfactoryBulb_N.n  OlfactoryBulb_O.n
  9   22  Body_Mass.g  Cerebellum_Mass.g  Cerebellum_N.n  Cerebellum_O.n  CerebralCortex_Mass.g  CerebralCortex_N.n  CerebralCortex_O.n  RoB_Mass.g  RoB_N.n  RoB_O.n  WholeBrain_C.n  WholeBrain_N.n  WholeBrain_O.n  CerebralCortex_I.p.C  OlfactoryBulb_Mass.g  OlfactoryBulb_N.n  OlfactoryBulb_O.n
  9   23  Body_Mass.g  Cerebellum_Mass.g  Cerebellum_N.n  Cerebellum_O.n  CerebralCortex_Mass.g  CerebralCortex_N.n  CerebralCortex_O.n  RoB_Mass.g  RoB_N.n  RoB_O.n  WholeBrain_C.n  WholeBrain_N.n  WholeBrain_O.n  CerebralCortex_I.p.C  OlfactoryBulb_Mass.g  OlfactoryBulb_N.n  OlfactoryBulb_O.n
  9   24  Body_Mass.g  Cerebellum_Mass.g  Cerebellum_N.n  Cerebellum_O.n  CerebralCortex_Mass.g  CerebralCortex_N.n  CerebralCortex_O.n  RoB_Mass.g  RoB_N.n  RoB_O.n  WholeBrain_C.n  WholeBrain_N.n  WholeBrain_O.n  CerebralCortex_I.p.C  OlfactoryBulb_Mass.g  OlfactoryBulb_N.n  OlfactoryBulb_O.n
  9   25  Body_Mass.g  Cerebellum_Mass.g  Cerebellum_N.n  Cerebellum_O.n  CerebralCortex_Mass.g  CerebralCortex_N.n  CerebralCortex_O.n  RoB_Mass.g  RoB_N.n  RoB_O.n  WholeBrain_C.n  WholeBrain_N.n  WholeBrain_O.n  CerebralCortex_I.p.C  OlfactoryBulb_Mass.g  OlfactoryBulb_N.n  OlfactoryBulb_O.n
  9   26  Body_Mass.g  Cerebellum_Mass.g  Cerebellum_N.n  Cerebellum_O.n  CerebralCortex_Mass.g  CerebralCortex_N.n  CerebralCortex_O.n  RoB_Mass.g  RoB_N.n  RoB_O.n  WholeBrain_C.n  WholeBrain_N.n  WholeBrain_O.n  CerebralCortex_I.p.C  OlfactoryBulb_Mass.g  OlfactoryBulb_N.n  OlfactoryBulb_O.n
  9   27  Body_Mass.g  Cerebellum_Mass.g  Cerebellum_N.n  Cerebellum_O.n  CerebralCortex_Mass.g  CerebralCortex_N.n  CerebralCortex_O.n  RoB_Mass.g  RoB_N.n  RoB_O.n  WholeBrain_C.n  WholeBrain_N.n  WholeBrain_O.n  CerebralCortex_I.p.C  OlfactoryBulb_Mass.g  OlfactoryBulb_N.n  OlfactoryBulb_O.n
  9   28  Body_Mass.g  Cerebellum_Mass.g  Cerebellum_N.n  Cerebellum_O.n  CerebralCortex_Mass.g  CerebralCortex_N.n  CerebralCortex_O.n  RoB_Mass.g  RoB_N.n  RoB_O.n  WholeBrain_C.n  WholeBrain_N.n  WholeBrain_O.n  CerebralCortex_I.p.C  OlfactoryBulb_Mass.g  OlfactoryBulb_N.n  OlfactoryBulb_O.n
  9   29  Body_Mass.g  Cerebellum_Mass.g  Cerebellum_N.n  Cerebellum_O.n  CerebralCortex_Mass.g  CerebralCortex_N.n  CerebralCortex_O.n  RoB_Mass.g  RoB_N.n  RoB_O.n  WholeBrain_C.n  WholeBrain_N.n  WholeBrain_O.n  CerebralCortex_I.p.C  OlfactoryBulb_Mass.g  OlfactoryBulb_N.n  OlfactoryBulb_O.n
  9   30  Body_Mass.g  Cerebellum_Mass.g  Cerebellum_N.n  Cerebellum_O.n  CerebralCortex_Mass.g  CerebralCortex_N.n  CerebralCortex_O.n  RoB_Mass.g  RoB_N.n  RoB_O.n  WholeBrain_C.n  WholeBrain_N.n  WholeBrain_O.n  CerebralCortex_I.p.C  OlfactoryBulb_Mass.g  OlfactoryBulb_N.n  OlfactoryBulb_O.n
  10   1  Body_Mass.g  Cerebellum_Mass.g  Cerebellum_N.n  Cerebellum_O.n  CerebralCortex_Mass.g  CerebralCortex_N.n  CerebralCortex_O.n  RoB_Mass.g  RoB_N.n  RoB_O.n  WholeBrain_C.n  WholeBrain_N.n  WholeBrain_O.n  CerebralCortex_I.p.C  OlfactoryBulb_Mass.g  OlfactoryBulb_N.n  OlfactoryBulb_O.n
  10   2  Body_Mass.g  Cerebellum_Mass.g  Cerebellum_N.n  Cerebellum_O.n  CerebralCortex_Mass.g  CerebralCortex_N.n  CerebralCortex_O.n  RoB_Mass.g  RoB_N.n  RoB_O.n  WholeBrain_C.n  WholeBrain_N.n  WholeBrain_O.n  CerebralCortex_I.p.C  OlfactoryBulb_Mass.g  OlfactoryBulb_N.n  OlfactoryBulb_O.n
  10   3  Body_Mass.g  Cerebellum_Mass.g  Cerebellum_N.n  Cerebellum_O.n  CerebralCortex_Mass.g  CerebralCortex_N.n  CerebralCortex_O.n  RoB_Mass.g  RoB_N.n  RoB_O.n  WholeBrain_C.n  WholeBrain_N.n  WholeBrain_O.n  CerebralCortex_I.p.C  OlfactoryBulb_Mass.g  OlfactoryBulb_N.n  OlfactoryBulb_O.n
  10   4  Body_Mass.g  Cerebellum_Mass.g  Cerebellum_N.n  Cerebellum_O.n  CerebralCortex_Mass.g  CerebralCortex_N.n  CerebralCortex_O.n  RoB_Mass.g  RoB_N.n  RoB_O.n  WholeBrain_C.n  WholeBrain_N.n  WholeBrain_O.n  CerebralCortex_I.p.C  OlfactoryBulb_Mass.g  OlfactoryBulb_N.n  OlfactoryBulb_O.n
  10   5  Body_Mass.g  Cerebellum_Mass.g  Cerebellum_N.n  Cerebellum_O.n  CerebralCortex_Mass.g  CerebralCortex_N.n  CerebralCortex_O.n  RoB_Mass.g  RoB_N.n  RoB_O.n  WholeBrain_C.n  WholeBrain_N.n  WholeBrain_O.n  CerebralCortex_I.p.C  OlfactoryBulb_Mass.g  OlfactoryBulb_N.n  OlfactoryBulb_O.n
  10   6  Body_Mass.g  Cerebellum_Mass.g  Cerebellum_N.n  Cerebellum_O.n  CerebralCortex_Mass.g  CerebralCortex_N.n  CerebralCortex_O.n  RoB_Mass.g  RoB_N.n  RoB_O.n  WholeBrain_C.n  WholeBrain_N.n  WholeBrain_O.n  CerebralCortex_I.p.C  OlfactoryBulb_Mass.g  OlfactoryBulb_N.n  OlfactoryBulb_O.n
  10   7  Body_Mass.g  Cerebellum_Mass.g  Cerebellum_N.n  Cerebellum_O.n  CerebralCortex_Mass.g  CerebralCortex_N.n  CerebralCortex_O.n  RoB_Mass.g  RoB_N.n  RoB_O.n  WholeBrain_C.n  WholeBrain_N.n  WholeBrain_O.n  CerebralCortex_I.p.C  OlfactoryBulb_Mass.g  OlfactoryBulb_N.n  OlfactoryBulb_O.n
  10   8  Body_Mass.g  Cerebellum_Mass.g  Cerebellum_N.n  Cerebellum_O.n  CerebralCortex_Mass.g  CerebralCortex_N.n  CerebralCortex_O.n  RoB_Mass.g  RoB_N.n  RoB_O.n  WholeBrain_C.n  WholeBrain_N.n  WholeBrain_O.n  CerebralCortex_I.p.C  OlfactoryBulb_Mass.g  OlfactoryBulb_N.n  OlfactoryBulb_O.n
  10   9  Body_Mass.g  Cerebellum_Mass.g  Cerebellum_N.n  Cerebellum_O.n  CerebralCortex_Mass.g  CerebralCortex_N.n  CerebralCortex_O.n  RoB_Mass.g  RoB_N.n  RoB_O.n  WholeBrain_C.n  WholeBrain_N.n  WholeBrain_O.n  CerebralCortex_I.p.C  OlfactoryBulb_Mass.g  OlfactoryBulb_N.n  OlfactoryBulb_O.n
  10   10  Body_Mass.g  Cerebellum_Mass.g  Cerebellum_N.n  Cerebellum_O.n  CerebralCortex_Mass.g  CerebralCortex_N.n  CerebralCortex_O.n  RoB_Mass.g  RoB_N.n  RoB_O.n  WholeBrain_C.n  WholeBrain_N.n  WholeBrain_O.n  CerebralCortex_I.p.C  OlfactoryBulb_Mass.g  OlfactoryBulb_N.n  OlfactoryBulb_O.n
  10   11  Body_Mass.g  Cerebellum_Mass.g  Cerebellum_N.n  Cerebellum_O.n  CerebralCortex_Mass.g  CerebralCortex_N.n  CerebralCortex_O.n  RoB_Mass.g  RoB_N.n  RoB_O.n  WholeBrain_C.n  WholeBrain_N.n  WholeBrain_O.n  CerebralCortex_I.p.C  OlfactoryBulb_Mass.g  OlfactoryBulb_N.n  OlfactoryBulb_O.n
  10   12  Body_Mass.g  Cerebellum_Mass.g  Cerebellum_N.n  Cerebellum_O.n  CerebralCortex_Mass.g  CerebralCortex_N.n  CerebralCortex_O.n  RoB_Mass.g  RoB_N.n  RoB_O.n  WholeBrain_C.n  WholeBrain_N.n  WholeBrain_O.n  CerebralCortex_I.p.C  OlfactoryBulb_Mass.g  OlfactoryBulb_N.n  OlfactoryBulb_O.n
  10   13  Body_Mass.g  Cerebellum_Mass.g  Cerebellum_N.n  Cerebellum_O.n  CerebralCortex_Mass.g  CerebralCortex_N.n  CerebralCortex_O.n  RoB_Mass.g  RoB_N.n  RoB_O.n  WholeBrain_C.n  WholeBrain_N.n  WholeBrain_O.n  CerebralCortex_I.p.C  OlfactoryBulb_Mass.g  OlfactoryBulb_N.n  OlfactoryBulb_O.n
  10   14  Body_Mass.g  Cerebellum_Mass.g  Cerebellum_N.n  Cerebellum_O.n  CerebralCortex_Mass.g  CerebralCortex_N.n  CerebralCortex_O.n  RoB_Mass.g  RoB_N.n  RoB_O.n  WholeBrain_C.n  WholeBrain_N.n  WholeBrain_O.n  CerebralCortex_I.p.C  OlfactoryBulb_Mass.g  OlfactoryBulb_N.n  OlfactoryBulb_O.n
  10   15  Body_Mass.g  Cerebellum_Mass.g  Cerebellum_N.n  Cerebellum_O.n  CerebralCortex_Mass.g  CerebralCortex_N.n  CerebralCortex_O.n  RoB_Mass.g  RoB_N.n  RoB_O.n  WholeBrain_C.n  WholeBrain_N.n  WholeBrain_O.n  CerebralCortex_I.p.C  OlfactoryBulb_Mass.g  OlfactoryBulb_N.n  OlfactoryBulb_O.n
  10   16  Body_Mass.g  Cerebellum_Mass.g  Cerebellum_N.n  Cerebellum_O.n  CerebralCortex_Mass.g  CerebralCortex_N.n  CerebralCortex_O.n  RoB_Mass.g  RoB_N.n  RoB_O.n  WholeBrain_C.n  WholeBrain_N.n  WholeBrain_O.n  CerebralCortex_I.p.C  OlfactoryBulb_Mass.g  OlfactoryBulb_N.n  OlfactoryBulb_O.n
  10   17  Body_Mass.g  Cerebellum_Mass.g  Cerebellum_N.n  Cerebellum_O.n  CerebralCortex_Mass.g  CerebralCortex_N.n  CerebralCortex_O.n  RoB_Mass.g  RoB_N.n  RoB_O.n  WholeBrain_C.n  WholeBrain_N.n  WholeBrain_O.n  CerebralCortex_I.p.C  OlfactoryBulb_Mass.g  OlfactoryBulb_N.n  OlfactoryBulb_O.n
  10   18  Body_Mass.g  Cerebellum_Mass.g  Cerebellum_N.n  Cerebellum_O.n  CerebralCortex_Mass.g  CerebralCortex_N.n  CerebralCortex_O.n  RoB_Mass.g  RoB_N.n  RoB_O.n  WholeBrain_C.n  WholeBrain_N.n  WholeBrain_O.n  CerebralCortex_I.p.C  OlfactoryBulb_Mass.g  OlfactoryBulb_N.n  OlfactoryBulb_O.n
  10   19  Body_Mass.g  Cerebellum_Mass.g  Cerebellum_N.n  Cerebellum_O.n  CerebralCortex_Mass.g  CerebralCortex_N.n  CerebralCortex_O.n  RoB_Mass.g  RoB_N.n  RoB_O.n  WholeBrain_C.n  WholeBrain_N.n  WholeBrain_O.n  CerebralCortex_I.p.C  OlfactoryBulb_Mass.g  OlfactoryBulb_N.n  OlfactoryBulb_O.n
  10   20  Body_Mass.g  Cerebellum_Mass.g  Cerebellum_N.n  Cerebellum_O.n  CerebralCortex_Mass.g  CerebralCortex_N.n  CerebralCortex_O.n  RoB_Mass.g  RoB_N.n  RoB_O.n  WholeBrain_C.n  WholeBrain_N.n  WholeBrain_O.n  CerebralCortex_I.p.C  OlfactoryBulb_Mass.g  OlfactoryBulb_N.n  OlfactoryBulb_O.n
  10   21  Body_Mass.g  Cerebellum_Mass.g  Cerebellum_N.n  Cerebellum_O.n  CerebralCortex_Mass.g  CerebralCortex_N.n  CerebralCortex_O.n  RoB_Mass.g  RoB_N.n  RoB_O.n  WholeBrain_C.n  WholeBrain_N.n  WholeBrain_O.n  CerebralCortex_I.p.C  OlfactoryBulb_Mass.g  OlfactoryBulb_N.n  OlfactoryBulb_O.n
  10   22  Body_Mass.g  Cerebellum_Mass.g  Cerebellum_N.n  Cerebellum_O.n  CerebralCortex_Mass.g  CerebralCortex_N.n  CerebralCortex_O.n  RoB_Mass.g  RoB_N.n  RoB_O.n  WholeBrain_C.n  WholeBrain_N.n  WholeBrain_O.n  CerebralCortex_I.p.C  OlfactoryBulb_Mass.g  OlfactoryBulb_N.n  OlfactoryBulb_O.n
  10   23  Body_Mass.g  Cerebellum_Mass.g  Cerebellum_N.n  Cerebellum_O.n  CerebralCortex_Mass.g  CerebralCortex_N.n  CerebralCortex_O.n  RoB_Mass.g  RoB_N.n  RoB_O.n  WholeBrain_C.n  WholeBrain_N.n  WholeBrain_O.n  CerebralCortex_I.p.C  OlfactoryBulb_Mass.g  OlfactoryBulb_N.n  OlfactoryBulb_O.n
  10   24  Body_Mass.g  Cerebellum_Mass.g  Cerebellum_N.n  Cerebellum_O.n  CerebralCortex_Mass.g  CerebralCortex_N.n  CerebralCortex_O.n  RoB_Mass.g  RoB_N.n  RoB_O.n  WholeBrain_C.n  WholeBrain_N.n  WholeBrain_O.n  CerebralCortex_I.p.C  OlfactoryBulb_Mass.g  OlfactoryBulb_N.n  OlfactoryBulb_O.n
  10   25  Body_Mass.g  Cerebellum_Mass.g  Cerebellum_N.n  Cerebellum_O.n  CerebralCortex_Mass.g  CerebralCortex_N.n  CerebralCortex_O.n  RoB_Mass.g  RoB_N.n  RoB_O.n  WholeBrain_C.n  WholeBrain_N.n  WholeBrain_O.n  CerebralCortex_I.p.C  OlfactoryBulb_Mass.g  OlfactoryBulb_N.n  OlfactoryBulb_O.n
  10   26  Body_Mass.g  Cerebellum_Mass.g  Cerebellum_N.n  Cerebellum_O.n  CerebralCortex_Mass.g  CerebralCortex_N.n  CerebralCortex_O.n  RoB_Mass.g  RoB_N.n  RoB_O.n  WholeBrain_C.n  WholeBrain_N.n  WholeBrain_O.n  CerebralCortex_I.p.C  OlfactoryBulb_Mass.g  OlfactoryBulb_N.n  OlfactoryBulb_O.n
  10   27  Body_Mass.g  Cerebellum_Mass.g  Cerebellum_N.n  Cerebellum_O.n  CerebralCortex_Mass.g  CerebralCortex_N.n  CerebralCortex_O.n  RoB_Mass.g  RoB_N.n  RoB_O.n  WholeBrain_C.n  WholeBrain_N.n  WholeBrain_O.n  CerebralCortex_I.p.C  OlfactoryBulb_Mass.g  OlfactoryBulb_N.n  OlfactoryBulb_O.n
  10   28  Body_Mass.g  Cerebellum_Mass.g  Cerebellum_N.n  Cerebellum_O.n  CerebralCortex_Mass.g  CerebralCortex_N.n  CerebralCortex_O.n  RoB_Mass.g  RoB_N.n  RoB_O.n  WholeBrain_C.n  WholeBrain_N.n  WholeBrain_O.n  CerebralCortex_I.p.C  OlfactoryBulb_Mass.g  OlfactoryBulb_N.n  OlfactoryBulb_O.n
  10   29  Body_Mass.g  Cerebellum_Mass.g  Cerebellum_N.n  Cerebellum_O.n  CerebralCortex_Mass.g  CerebralCortex_N.n  CerebralCortex_O.n  RoB_Mass.g  RoB_N.n  RoB_O.n  WholeBrain_C.n  WholeBrain_N.n  WholeBrain_O.n  CerebralCortex_I.p.C  OlfactoryBulb_Mass.g  OlfactoryBulb_N.n  OlfactoryBulb_O.n
  10   30  Body_Mass.g  Cerebellum_Mass.g  Cerebellum_N.n  Cerebellum_O.n  CerebralCortex_Mass.g  CerebralCortex_N.n  CerebralCortex_O.n  RoB_Mass.g  RoB_N.n  RoB_O.n  WholeBrain_C.n  WholeBrain_N.n  WholeBrain_O.n  CerebralCortex_I.p.C  OlfactoryBulb_Mass.g  OlfactoryBulb_N.n  OlfactoryBulb_O.n
Warning message:
Number of logged events: 2379 
Error in density.default(x = c(NA_real_, NA_real_, NA_real_, NA_real_,  : 
  need at least 2 points to select a bandwidth automatically
Calls: densityplot ... <Anonymous> -> do.call -> <Anonymous> -> density.default
Execution halted","2026-07-05 11:25:22.83856","2026-07-05 11:25:40.592546",17.7539858818054
"/Users/crossmodal/Library/CloudStorage/OneDrive-AllenInstitute/Species/Evo-M1-Trait-Data/_checks/check_Zilles_Rehkamper_1988_provenance.R","FAILED","Error in `map()`:
ℹ In index: 1.
Caused by error in `filter()`:
ℹ In argument: `!str_starts(replace_na(Species, """"), ""AAAA_"")`.
Caused by error in `replace_na()`:
! could not find function ""replace_na""
Backtrace:
     ▆
  1. ├─map_dfr(files, scan_one) %>% ...
  2. ├─dplyr::arrange(...)
  3. ├─purrr::map_dfr(files, scan_one)
  4. │ └─purrr::map(.x, .f, ...)
  5. │   └─purrr:::map_(""list"", .x, .f, ..., .progress = .progress)
  6. │     ├─purrr:::with_indexed_errors(...)
  7. │     │ └─base::withCallingHandlers(...)
  8. │     ├─purrr:::call_with_cleanup(...)
  9. │     └─global .f(.x[[i]], ...)
 10. │       └─df %>% ...
 11. ├─dplyr::filter(...)
 12. ├─dplyr:::filter.data.frame(...)
 13. │ └─dplyr:::filter_impl(...)
 14. │   └─dplyr:::filter_rows(...)
 15. │     └─dplyr:::filter_eval(...)
 16. │       ├─base::withCallingHandlers(...)
 17. │       └─mask$eval_all_filter(dots_expanded, invert, env_filter)
 18. │         └─dplyr (local) eval()
 19. ├─stringr::str_starts(replace_na(Species, """"), ""AAAA_"")
 20. │ └─stringr:::check_lengths(string, pattern)
 21. │   └─vctrs::vec_size_common(...)
 22. │     └─rlang::list2(...) at vctrs/R/size.R:97:3
 23. └─base::.handleSimpleError(...)
 24.   └─dplyr (local) h(simpleError(msg, call))
 25.     └─rlang::abort(message, class = error_class, parent = parent, call = error_call)
Execution halted","2026-07-05 11:26:07.01699","2026-07-05 11:26:08.33212",1.31512999534607
